AFG,NGDPDPC,Afghanistan,233.433,233.755,254.259,294.396,320.674,381.502,447.746,511.374,631.49,714.7,784.611,754.402,747.622,711.337,616.234,636.693,582.323
ALB,NGDPDPC,Albania,1425.13,1846.12,2373.58,2673.77,2972.75,3595.05,4370.56,4114.09,4097.83,4439.89,4248.91,4415.6,4584.92,3953.61,4124.41,4542.76,5284.44
DZA,NGDPDPC,Algeria,1806.86,2128.39,2636.31,3141.03,3508.96,3986.56,4943.5,3886.06,4480.72,5453.89,5575.65,5477.06,5466.33,4153.32,3918.94,4079.65,4118.74
AGO,NGDPDPC,Angola,841.42,951.969,1222.04,1862.42,2561.86,3099.09,4081.69,3146.8,3641.44,4716.25,5245.02,5436.52,5625.74,4354.92,3676.83,4303.69,3620.59
ATG,NGDPDPC,Antigua and Barbuda,10482.01,10892.4,11581.32,12736.24,14262.1,15992.74,16510.08,14612.9,13564.68,13295.36,13811.08,13392.22,13951.99,14696.89,15556.01,15655.23,16860.96
ARG,NGDPDPC,Argentina,2997.62,3761.09,4314.1,5163.55,5976.08,7315.73,9146.79,8337.81,10412.97,12787.81,13889.79,14488.83,13208.83,14895.32,12772.87,14618.33,11624.89
ARM,NGDPDPC,Armenia,779.122,923.387,1180.4,1628.06,2128.15,3079.03,3913.44,2911.76,3121.78,3417.17,3575.53,3732.04,3889,3529.03,3524,3868.91,4195.96
ABW,NGDPDPC,Aruba,21307.13,21949.25,23700.38,24171.84,24845.53,26736.44,28171.91,25134.65,24087.95,25661.12,25008.2,25641.78,25883.62,27126.62,27037.46,27838.91,28694.9
AUS,NGDPDPC,Australia,21648.34,27213.27,32761.41,36139.87,37876.09,45103.02,49149.07,45684.88,56459.8,67208.53,68445.44,65174.76,61648.39,51484.05,51918.17,55914.69,56465.24
AUT,NGDPDPC,Austria,26508.32,32298.61,36883.89,38450.61,40674.88,46922.56,51914.01,48111.66,46955.17,51452.28,48616.9,50747.38,51814.42,44267.81,45278.83,47317.91,51246.15
AZE,NGDPDPC,Azerbaijan,760.812,879.863,1039.82,1571.29,2458.42,3818.27,5578.56,4963.77,5880.81,7242.81,7545.87,7926.09,7939.17,5300.14,3897.71,4217.65,4759.8
BHS,NGDPDPC,The Bahamas,28477.06,28043.46,28239.07,30269.03,30908.21,31894.39,31248.6,29296.49,29303.26,28906.97,30433.05,29669.94,30850.41,32154.95,32390.98,33543,34583.83
BHR,NGDPDPC,Bahrain,13501.55,14486.06,15963.98,17966.22,19267.57,20908.34,23236.06,19465.29,20827.72,24080.43,25434.45,25965.31,25398.32,22659.37,22641.28,23631.59,25051.02
BGD,NGDPDPC,Bangladesh,420.891,445.932,479.362,499.591,509.61,558.087,634.979,702.264,781.154,861.541,882.763,982.072,1118.86,1248.89,1401.51,1563.81,1693.77
BRB,NGDPDPC,Barbados,11442.56,11788.65,12612.21,13939.67,15334.01,16925.61,17254.23,16036.4,16203.26,16599.01,16371.95,16556.1,16572.31,16589.45,16947.63,17423.25,17758.08
BLR,NGDPDPC,Belarus,1524.49,1873.67,2450.9,3221.46,3968.75,4887.28,6581.18,5345.33,6023.15,6472.74,6938.07,7977.15,8316.01,5941.24,5022.47,5757.29,6322.32
BEL,NGDPDPC,Belgium,25044.33,30707.67,35497.55,36945.5,38841.79,44496.79,48493.14,44892.23,44448.17,47564.38,44824.16,46848.61,47897.04,41147.26,42076.4,44268.2,47723.49
BLZ,NGDPDPC,Belize,3517.72,3646.29,3799.07,3880.5,4152.34,4250.4,4398.81,4124.92,4265.62,4393.19,4462.93,4510.07,4644.62,4681.77,4692.07,4725.18,4728.78
BEN,NGDPDPC,Benin,574.524,711.107,798.382,823.24,856.1,966.317,1125.3,1087.58,1037.38,1130.07,1145.87,1251.23,1291.74,1076.91,1086.99,1136.19,1240.84
BTN,NGDPDPC,Bhutan,813.421,950.504,1059.21,1215.29,1293.19,1563.08,1936.11,1797.42,2097.66,2511.6,2592.37,2609.65,2546.91,2693.63,2803.64,3234.75,3280.72
BOL,NGDPDPC,Bolivia,914.958,918.468,979.59,1049.06,1240.94,1399.8,1749.2,1789.6,1994.91,2394.79,2664.57,2920.52,3096.84,3050.65,3094.99,3368.76,3565.5
BIH,NGDPDPC,Bosnia and Herzegovina,1785.29,2254.45,2699.05,2903.6,3306.79,4073.01,4984.54,4711.12,4633.86,5089.85,4773.16,5125.6,5319.32,4727.26,4994.07,5392.37,6073.93
BWA,NGDPDPC,Botswana,3017.72,4119.41,4840.81,5338.24,5352.87,5676.26,5641.18,5183.69,6374.99,7637.77,7898.91,7231.39,7784.72,6811.43,7249.31,7883.16,8290.26
BRA,NGDPDPC,Brazil,2856.03,3089.14,3660.02,4819.87,5921.18,7390.65,8878.36,8649.58,11333.02,13295.9,12424.95,12358.34,12175.68,8846.48,8757.31,9978.09,9194.15
BRN,NGDPDPC,Brunei Darussalam,18785.87,20755.77,24217.73,29420.37,34690.3,36302.79,42470.56,31341.5,35437.22,47092.3,47772.21,44860.43,41947.16,31355.74,27318.05,28236.77,30668.37
BGR,NGDPDPC,Bulgaria,2090.68,2710.58,3370.38,3869.59,4477.03,5811.85,7156.18,6878.06,6713.33,7832.19,7417.27,7675.91,7900.7,7079.78,7575.77,8381.99,9470.58
BFA,NGDPDPC,Burkina Faso,294.457,374.534,418.187,458.187,473.475,535.126,643.334,623.497,648.365,751.041,758.481,787.482,793.051,653.393,687.48,738.014,820.533
BDI,NGDPDPC,Burundi,116.392,108.066,122.381,148.71,164.575,170.174,195.79,208.78,231.549,247.097,250.118,255.319,273.133,304.243,281.062,291.859,271.289
CPV,NGDPDPC,Cabo Verde,1501.55,1935.48,2188,2298.4,2571.82,3110.45,3636.13,3416.22,3312.04,3672.58,3388.88,3557.87,3532.99,2996.36,3082.16,3239.07,3616.44
KHM,NGDPDPC,Cambodia,337.501,360.659,405.629,470.683,536.151,627.78,741.855,737.194,788.19,889.788,965.413,1034.82,1123.18,1203.48,1320.33,1446.88,1578.02
CMR,NGDPDPC,Cameroon,708.445,866.493,1010.49,1013.55,1063.14,1195.79,1377.15,1318.56,1287.57,1404.85,1355.4,1465.66,1543.03,1327.64,1363.95,1424.6,1535.19
CAN,NGDPDPC,Canada,24279.19,28338.75,32176.59,36439.62,40558.9,44716.99,46773.84,40990.63,47627.35,52285.94,52744,52708.61,51020.84,43626.47,42382.64,45191.96,46532.17
CAF,NGDPDPC,Central African Republic,260.865,310.302,336.409,356.688,381.315,427.313,485.807,482.648,492.078,551.028,566.199,380.304,424.67,377.476,402.053,450.744,488.563
TCD,NGDPDPC,Chad,250.264,330.959,513.888,661.203,712.529,803.018,932.601,805.798,895.354,985.629,970.738,982.92,1024.84,776.105,700.558,671.18,713.034
CHL,NGDPDPC,Chile,4443.76,4770.33,6193.09,7600.35,9473.01,10507.91,10748.98,10220.07,12794.28,14610.79,15307.79,15804.44,14643.45,13570.89,13779.04,15033.26,15862.05
CHN,NGDPDPC,China,1141.15,1282.2,1499.75,1751.43,2095.21,2691.07,3446.78,3813.41,4499.79,5560.74,6306.66,7073.49,7694.15,8084.8,8119.62,8823.46,9919.81
COL,NGDPDPC,Colombia,2354.59,2246.96,2745.83,3394.81,3727.42,4694.82,5455.54,5168.38,6295.29,7274.74,7957.83,8108.78,7998.83,6088.67,5799.62,6327.38,6704.75
COM,NGDPDPC,Comoros,757.399,949.68,1055.36,1085.66,1110.98,1251.86,1403.8,1351.15,1322.64,1450.16,1403.42,1500.73,1505.18,1231.14,1256.04,1300.57,1386.01
COD,NGDPDPC,Democratic Republic of the Congo,171.076,171.505,189.173,215.172,248.176,280.397,316.269,289.689,326.681,379.705,417.545,450.642,479.602,490.698,459.14,456.398,553.329
COG,NGDPDPC,Republic of Congo,1109.28,1255.57,1617.33,2058.3,2436.38,2586.3,3346.18,2722.04,3597.96,4175.34,4607.39,4559.73,4438.24,2873.72,2395.18,2555.44,3007.47
CRI,NGDPDPC,Costa Rica,4122.83,4227.82,4483.59,4756.34,5309.27,6194.05,6993.9,6879.27,8268.86,9270.57,10107.45,10764.53,10853.64,11635.2,11986.92,12185.26,12412.15
CIV,NGDPDPC,Côte d'Ivoire,1009.64,1216.94,1282.22,1287.97,1308.58,1458.24,1697.05,1657.6,1650.96,1660.45,1686.73,1919.16,2115.19,1932.22,1971.62,2066.85,2265.29
HRV,NGDPDPC,Croatia,6228.62,8054.46,9368.62,10215.39,11356.45,13542.21,15839.94,14134.16,13562.42,14608.2,13257.02,13673.37,13600.79,11780.6,12362.59,13450.09,15009.7
CYP,NGDPDPC,Cyprus,16188.53,20389.34,23969.99,25527.25,27448.4,31774.43,36009.56,32649.92,31439.12,32819.47,28993.69,27602,26995.19,23428.72,24692.5,26580.49,29300.33
CZE,NGDPDPC,Czech Republic,8056.32,9823.29,11751.9,13446.94,15284.67,18527.74,22925.75,19908.15,19983.58,21890.78,19880.9,20129.62,19915.38,17842.87,18597.21,20666.67,23463.6
DNK,NGDPDPC,Denmark,33275.56,40512.05,46571.28,48872.1,52121.25,58641.19,64531.12,58286.54,58177.16,61864.09,58623.41,61325.58,62729.5,53478.5,54862.85,57772.55,61731.15
DJI,NGDPDPC,Djibouti,1240.88,1270.62,1312.14,1358.03,1433.16,1536.89,1734.62,1741.3,1833.85,2011.15,2137.6,2235.73,2359.42,2532.6,2638,2711.46,2872.07
DMA,NGDPDPC,Dominica,4680.26,4825.77,5165.22,5127.44,5497.25,5939.91,6463.44,6904,6980.94,7082.73,7046.82,7268.22,7571.48,7666.36,7997.39,7114.37,7081.38
DOM,NGDPDPC,Dominican Republic,3158.39,2460.55,2540.85,4008.36,4188.72,4803.47,5194.8,5151.17,5688.75,6063.35,6274.87,6413.93,6805.66,7139.51,7521.27,7874.94,8340.96
ECU,NGDPDPC,Ecuador,2180.39,2434.98,2700.12,3025.01,3351.48,3588.31,4267.47,4241.94,4633.25,5192.88,5664.89,6030.5,6347,6099.35,6046.3,6216.61,6318.48
EGY,NGDPDPC,Egypt,1355.28,1252.4,1195.6,1331.36,1563.74,1862.16,2271.23,2578.88,2922.8,3077.34,3379.01,3404.34,3520.36,3731.18,3653.67,2484.54,2577.27
SLV,NGDPDPC,El Salvador,2124.11,2209.5,2278.43,2428.57,2631.82,2786.16,2933.4,2858.48,2983.23,3266.01,3428.41,3509.53,3589.04,3705.58,3805.99,3910.26,4067.66
GNQ,NGDPDPC,Equatorial Guinea,3107.85,5424.13,8214.07,10810.45,12743.35,15782.69,22834.44,16596.74,17153.17,21480,21556.42,20252.75,19271.29,11217.99,9202.54,9624.53,10106.21
ERI,NGDPDPC,Eritrea,227.498,258.933,315.55,300.697,321.219,340.334,301.238,415.601,501.424,642.502,693.804,596.754,786.54,603.193,655.424,557.857,580.845
EST,NGDPDPC,Estonia,5361.68,7218.91,8922.07,10420.44,12649.23,16762.29,18295.53,14839.88,14818.44,17644.04,17544.54,19179.84,20387.09,17531.06,18444.69,20451.24,23181.22
SWZ,NGDPDPC,Eswatini,1473.72,2235.68,2797.02,3174.59,3262.22,3402.16,3214.49,3479.71,4263.91,4603.2,4628.25,4326,4133.03,3765.92,3513.8,4031.06,4225.91
ETH,NGDPDPC,Ethiopia,116.452,120.601,138.282,164.937,198.696,244.495,326.82,351.341,324.285,361.829,493.321,535.264,613.101,702.767,790.82,829.313,852.011
FJI,NGDPDPC,Fiji,2467.53,3079.61,3601.62,3943.27,4041.49,4405.16,4535.43,3673.96,4004.67,4797.05,5017.72,5268.16,5611.19,5385.52,5620.61,6049.89,6272.73
FIN,NGDPDPC,Finland,27008.26,32961.92,37816.08,39147.22,41308.62,48590.2,53897.91,47541.75,46647,51263.57,47850.56,50006.02,50434.79,42867.09,43865.76,46437.21,50082.6
FRA,NGDPDPC,France,25137.4,30682.64,35016.22,36057.12,37795.92,43060.03,47155.21,43190.97,42178.58,45419.97,42372.07,44144.62,44616.46,37937.86,38348.51,40134.13,43044.25
GAB,NGDPDPC,Gabon,4210.28,5015.6,5837.62,6942.7,7271.09,8652.15,10418.28,7856.85,8933.31,10893.46,9903.41,9760.75,9746.79,7453.11,7082.22,7370.35,8220.5
GMB,NGDPDPC,The Gambia,631.566,581.319,642.755,665.721,662.362,780.379,924.514,833.282,860.639,762.761,742.78,700.515,607.429,649.511,683.998,676.656,729.035
GEO,NGDPDPC,Georgia,874.692,1034.71,1338.26,1682.66,2048.02,2700.59,3418.86,2890.88,3222.07,4003.47,4409.61,4622.97,4742.5,4017.62,4060.89,4358.59,4718.79
DEU,NGDPDPC,Germany,25460.33,30668.94,34534.81,35020.2,36894.47,42299.86,46367.72,42338.71,42379.84,46697.52,43883.39,46299.23,48035.95,41107.22,42124.32,44537.1,47832.06
GHA,NGDPDPC,Ghana,714.162,858.799,970.473,1147.61,1315.82,1516.07,1677.39,1462.82,1745.56,2123.67,2184.41,2389.77,1962.66,1753.85,1941.46,2037.95,2216.84
GRC,NGDPDPC,Greece,14065.79,18378.28,21829.5,22417.64,24648.87,28656.23,31902.01,29577.64,26743.4,25437.01,21845.97,21679.67,21567.97,17997.4,17879.71,18578.29,19769.33
GRD,NGDPDPC,Grenada,5213.8,5682.71,5741.65,6644.22,6658.22,7213,7832.37,7290.82,7258.18,7291.74,7444.08,7789.62,8370.03,9096.54,9628.26,10152.83,10474.88
GTM,NGDPDPC,Guatemala,1795.75,1847.27,1951.8,2151.72,2336.91,2556.73,2873.11,2654.06,2836.01,3172.05,3267.78,3397.54,3632.03,3825.88,3982.17,4230.85,4235.78
GIN,NGDPDPC,Guinea,444.663,517.03,538.88,470.57,426.419,628.711,675.387,637.478,630.549,540.562,637.791,712.982,729.798,712.047,679.947,796.959,916.223
GNB,NGDPDPC,Guinea-Bissau,374.5,435.072,447.804,482.181,467.998,543.408,672.251,613.569,644.344,775.206,688.497,711.927,712.826,707.897,748.089,864.141,866.451
GUY,NGDPDPC,Guyana,2092.96,2144.11,2233,2305.91,2551.77,2982.22,3329.64,3457.37,3837.3,4402.78,5360.28,5476.74,5402.7,5579.97,5796.82,6104.16,6120.54
HTI,NGDPDPC,Haiti,698.232,566.354,663.841,766.919,791.667,981.079,1076.97,1150.29,1171.39,1287.94,1337.34,1394.11,1401.9,1388.96,1266.77,1294.28,1435.25
HND,NGDPDPC,Honduras,1122.06,1145.5,1204.48,1296.7,1420.13,1572.07,1727.83,1777.27,1891.16,2081.26,2144.14,2102.31,2205.9,2302.04,2341.66,2451.97,2484.69
HKG,NGDPDPC,Hong Kong SAR,24731.08,23856.48,24873.9,26551.77,28028.16,30494.55,31487.94,30593.99,32421.36,34955.15,36623.75,38233.35,40185.3,42325.35,43491.31,46032.29,48313.14
HUN,NGDPDPC,Hungary,6644.61,8410.77,10275.77,11188.45,11469.41,13904.83,15742.79,13035.62,13173.21,14195.85,12935.51,13665.53,14251.8,12690.17,13069.23,14590.9,16406.1
ISL,NGDPDPC,Iceland,32516.44,39620.41,47579.94,57405.56,58238.89,70375.33,57296.25,41188.91,43293.02,47798.81,46159.8,50100.08,54864.16,53227.63,62530.42,73085.13,75259.67
IND,NGDPDPC,India,479.063,556.326,638.787,726.918,814.353,1046.9,1019.51,1121.25,1384.17,1458.11,1443.88,1449.61,1573.88,1605.61,1732.05,1980.69,1996.95
IDN,NGDPDPC,Indonesia,1002.91,1186.85,1280.7,1403.88,1764.79,2064.23,2418.04,2464.96,3178.13,3688.53,3744.53,3684,3533.61,3367.69,3605.72,3885.47,3947.25
IRN,NGDPDPC,Islamic Republic of Iran,1947.97,2256.51,2744.11,3239.14,3765.88,4905.24,5612.15,5656.19,6564.06,7719.43,5159.2,5199.85,5519.14,4844.5,5195.91,5471.79,5543.84
IRQ,NGDPDPC,Iraq,,608.655,1373.74,1828.74,2321.26,3090.85,4472.12,3701.86,4473.71,5848.54,6692.58,7021.41,6704.31,5044.62,4637,5178.92,5690.51
IRL,NGDPDPC,Ireland,32489.48,40904.98,47455.98,50464.03,53753.66,60811.37,61095.49,52094.22,48758.01,51891.99,48901.98,51454.99,55467.43,61951.73,62696.32,69950.66,79143.8
ISR,NGDPDPC,Israel,18489.26,19041.23,19942.1,20595.21,21861.16,24953.13,29608.79,27732.71,30705.4,33622.58,32523.87,36332.09,37755.12,35828.17,37293.84,40491.33,41720.58
ITA,NGDPDPC,Italy,22384.06,27573.81,31335.76,32020.21,33432.32,37809.3,40796.37,36964.97,35805.44,38273.82,34707.44,35398.21,35578.68,30213.1,30932.78,32367.11,34605.68
JAM,NGDPDPC,Jamaica,3709.57,3586.44,3855.67,4241.4,4494.63,4829.3,5134.25,4507.19,4894.37,5332.52,5448.46,5238.15,5105.51,5204.83,5183.46,5413.03,5729.76
JPN,NGDPDPC,Japan,32832.3,35410.22,38307.1,37819.1,36021.9,35847.23,39992.06,41469.77,45135.8,48760.91,49175.05,40934.76,38522.77,35005.66,39411.42,38903.3,39818.8
JOR,NGDPDPC,Jordan,1868.86,1948.19,2125.81,2271.86,2616.51,2849.05,3489.79,3597.34,3777.82,3897.61,3963.59,4100.94,4188.72,4218.83,4224.8,4273.91,4341.04
KAZ,NGDPDPC,Kazakhstan,1657.16,2062.29,2862.5,3753.44,5261.03,6733.45,8349.29,7116.37,9005.04,11552.57,12300.18,13789.17,12713.56,10435.17,7662.01,9186.71,9749.07
KEN,NGDPDPC,Kenya,474.715,524.883,549.056,621.342,744.251,895.2,978.062,982.018,1036.26,1054.97,1248.07,1331.52,1451.57,1483.48,1561.86,1737.8,1888.2
KIR,NGDPDPC,Kiribati,824.831,1016.38,1128.37,1212.13,1166.44,1376.28,1456.91,1332.07,1518.57,1741.14,1798.26,1731.38,1655.86,1556.5,1598.89,1656.63,1748.65
KOR,NGDPDPC,Korea,13159.68,14672.42,16482.75,19398.49,21730.95,24083.34,21387.71,19139.73,23077.16,25100.19,25459.17,27179.52,29252.93,28737.44,29274.23,31600.73,33433.17
UVK,NGDPDPC,Kosovo,1781.06,2178.61,2220.74,2264.21,2340.25,2792.69,3320.6,3244.92,3290.46,3764.22,3582.01,3885.73,4098.92,3637.44,3766.22,4027.27,4432.56
KWT,NGDPDPC,Kuwait,15759.07,18786.75,21585.56,27014.77,31907.2,33732.52,42827.13,30414.74,32216.41,41657.44,45726.19,44754.34,40278.05,27398.08,25267.15,27193.9,30436.42
KGZ,NGDPDPC,Kyrgyz Republic,323.343,382.888,436.496,478.77,546.621,725.487,971.678,876.933,884.846,1131.47,1189.52,1295.23,1292.62,1132.84,1131.84,1254.51,1321.95
LAO,NGDPDPC,Lao P.D.R.,335.686,405.111,467.758,530.059,669.723,800.103,983.764,1045.89,1200.87,1412.04,1581.9,1830.51,1997.99,2130.63,2323.36,2452.97,2567.89
LVA,NGDPDPC,Latvia,4115.58,5111.94,6327.98,7550.18,9666.81,14057.16,16390.27,12199.67,11276.11,13809.19,13862.39,15041.85,15678.08,13722.08,14253.04,15613.44,17799.83
LBN,NGDPDPC,Lebanon,4502.71,4438.93,4629.25,4575.11,4626.85,5207.79,6111.33,7354.95,7761.64,7675.31,7952.15,7933.23,7687.93,7644.55,7626.3,7792.6,8012.54
LSO,NGDPDPC,Lesotho,410.133,592.302,738.561,791.265,809.56,930.798,868.532,1011.42,1222.2,1324.61,1261.44,1191.99,1250.63,1106.83,1105.77,1166.07,1140.51
LBR,NGDPDPC,Liberia,335.856,249.207,306.535,315.775,357.683,416.785,497.74,504.698,543.365,625.629,695.17,772.63,765.36,746.238,767.874,766.314,731.317
LBY,NGDPDPC,Libya,3833.57,4831.42,5988.39,8467.72,9659.64,11711.14,12570.87,8524.77,11417.42,5402.25,12693.64,8282.15,3876.41,2723.37,2907.46,4685.07,6361.58
LTU,NGDPDPC,Lithuania,4140.73,5499.48,6699.37,7860.18,9236.62,12305.92,15017.56,11848.2,12009.03,14393.27,14376,15734.38,16577.33,14265.41,15004.19,16879.45,19184.84
LUX,NGDPDPC,Luxembourg,53399.45,66061.09,76343.55,81048.07,90499.47,107014.12,115898.76,104393.46,106177.04,117366.28,108050.47,114996.48,120449.74,102625.13,105364.22,108621.75,117859.72
MAC,NGDPDPC,Macao SAR,16733.98,18461.84,23005.59,25109.97,28970.43,34268.7,38286.23,39822.35,51135.16,66111.72,74209.14,84833.69,86298.09,69666.75,69910.52,77257.33,82862.88
MDG,NGDPDPC,Madagascar,319.216,368.797,284.488,319.537,338.751,438.655,536.352,467.54,471.959,531.266,518.155,541.069,530.863,467.235,476.226,515.935,533.197
MWI,NGDPDPC,Malawi,272.824,245.144,259.727,267.785,284.729,306.9,358.416,405.62,442.765,493.843,359.588,317.471,343.979,353.507,294.756,325.01,350.441
MYS,NGDPDPC,Malaysia,4441.82,4740.32,5244.87,5678.35,6351.18,7480.94,8759.52,7544.11,9046.99,10397.92,10806.84,10851.66,11165.26,9663.11,9523.3,9965.12,11077.43
MDV,NGDPDPC,Maldives,2952.22,3690.79,4238.04,3960.43,5268.79,6128.48,7337.95,7450.81,8086.7,8078.31,8719.58,9766.24,10787.47,11781.03,12348.71,13201.45,14476.59
MLI,NGDPDPC,Mali,346.478,405.693,454.971,505.371,540.589,617.829,720.606,724.186,733.666,863.348,802.465,828.742,873.51,773.945,804.081,854.976,922.55
MLT,NGDPDPC,Malta,11346.46,13730.31,15260.89,15930.14,16818.01,19696.18,22378.18,21223.68,21842.07,23222.39,22674.79,24972.68,27080.1,25228.18,25972.39,28713.1,31263.2
MHL,NGDPDPC,Marshall Islands,2651.49,2619.05,2625.82,2668.17,2749.07,2864.64,2894.23,2864.63,3030.39,3239.11,3383.56,3451.21,3388.38,3406.48,3720.62,3898.58,4061.68
MRT,NGDPDPC,Mauritania,634.588,711.709,796.923,963.498,1357.43,1425.47,1647.29,1475.59,1715.92,2012.83,1946.08,2072.49,1826.78,1668.07,1690.81,1747.75,1775.32
MUS,NGDPDPC,Mauritius,4196.43,5005.42,5626,5516.2,5695.98,6574.66,8030.05,7318.13,8000.38,9197.04,9291.24,9637.02,10151.73,9258.56,9681.42,10485.01,11205.9
MEX,NGDPDPC,Mexico,7607.44,7088.46,7501.91,8303.99,9102.51,9680.43,10053.74,8029.3,9299.46,10232.41,10271.41,10758.98,10967.11,9657.12,8788.59,9342.92,9753.19
FSM,NGDPDPC,Micronesia,2277.95,2311.65,2268.9,2370.44,2413.78,2457.38,2531.36,2711.06,2887.35,3021.69,3170.96,3068.37,3082.9,3050.72,3197.21,3522.11,3854.14
MDA,NGDPDPC,Moldova,569.109,680.272,894.061,1031.42,1179.32,1526.38,2102.94,1890.65,2428.11,2930.06,3031.13,3307.35,3314.55,2715.78,2857.88,3478.52,4141.84
MNG,NGDPDPC,Mongolia,662.699,747.092,919.767,989.177,1321.61,1616.14,2109.27,1687.55,2602.37,3702.36,4281.33,4293.83,4081.02,3842.54,3576.82,3595.38,4056.73
MNE,NGDPDPC,Montenegro,2081.05,2745.76,3379.64,3679.83,4429.8,5985.43,7396.67,6746.38,6694.17,7327.25,6590.58,7189.05,7389.89,6517.42,7031.53,7800.27,8854.78
MAR,NGDPDPC,Morocco,1453.94,1768.6,1999.13,2063.31,2242.73,2549.88,2946.93,2922.59,2896.56,3111.54,2979.74,3200.48,3259.72,2964.96,2995.68,3147.1,3353.1
MOZ,NGDPDPC,Mozambique,291.215,314.694,371.304,405.139,427.955,471.128,549.706,518.466,469.47,574.873,631.76,641.085,647.499,570.129,415.18,445.192,484.87
MMR,NGDPDPC,Myanmar,148.549,189.041,227.347,254.757,283.701,370.544,525.195,632.23,774.72,1088.75,1182.15,1210.22,1244.18,1223.74,1163.79,1177.08,1271.68
NAM,NGDPDPC,Namibia,1811.25,2607.86,3440.97,3708.79,4007.73,4378.56,4198.55,4340.18,5410.98,5870.93,6038.86,5540.62,5555.93,5020.47,4611.51,5438.76,5664.46
NRU,NGDPDPC,Nauru,,,3174.96,3167.65,3200.72,2470.84,3965.36,4587.75,4748.08,6529.4,9382.64,9103.52,8865.6,6994.05,7674.48,8152.26,9398.51
NPL,NGDPDPC,Nepal,276.295,288.424,327.131,363.231,396.623,447.379,537.813,546.64,677.187,803.709,804.12,823.287,844.466,901.75,899.6,1048.67,1178.86
NLD,NGDPDPC,Netherlands,29401.97,35814.27,40477.3,42054.88,44936.01,51880.38,58015.4,52807.45,51165.82,54342.11,50175.56,52276.99,53026.48,45302.8,46165.18,48799.87,53224.69
NZL,NGDPDPC,New Zealand,15703.17,20475.37,24843.27,27370.86,26209.99,31904.89,31759.69,28282.95,33376.46,38060.42,39686.19,42075.44,44281.55,38195.64,39428.05,42329.68,42803.49
NIC,NGDPDPC,Nicaragua,1011.9,1010.23,1077.78,1152.8,1224.72,1326.66,1498.88,1444.94,1506.07,1629.97,1734.79,1790.43,1916.77,2036.93,2099.59,2156.15,2022.14
NER,NGDPDPC,Niger,227.424,267.409,285.388,320.923,335.334,389.256,477.27,462.267,476.062,511.488,528.918,551.554,562.885,484.171,497.882,517.771,572.564
NGA,NGDPDPC,Nigeria,730.836,780.399,963.236,1221.65,1563.03,1791.82,2197.78,1927.48,2328.43,2543.5,2756.41,2998.07,3222.69,2718.59,2176,1968.56,2153.09
MKD,NGDPDPC,North Macedonia,1974.06,2440.81,2796.62,3071.9,3359.61,4076.3,4838.15,4579.09,4576.23,5097.26,4728.37,5239.65,5498.61,4860.42,5152.97,5462.38,6111.19
NOR,NGDPDPC,Norway,42997.96,50046.34,57512.22,66687.76,73970.24,84915.64,96563.22,79746.89,87356.19,100197.17,101129.91,102576.68,96657.58,74115.16,70223.82,75306.67,82082.12
OMN,NGDPDPC,Oman,8108.72,8565.26,9635.83,11873.18,13938.21,15436.81,21866.27,16784.91,19027.78,20641.47,21149.65,20435.85,20308.46,16570.74,14834.59,15482.13,17338.96
PAK,NGDPDPC,Pakistan,546.605,612.898,705.39,772.293,883.483,963.509,1030.76,993.725,1029.17,1216.75,1247.1,1263.59,1310.17,1422.92,1436.37,1544.17,1557.89
PLW,NGDPDPC,Palau,8429.27,7889.77,8397.67,9317.04,9598.92,10069.1,10438.45,9856.36,10044.33,10782.08,12013.09,12877.95,14039.66,15787.6,16600.92,16062.31,16264.86
PAN,NGDPDPC,Panama,4172.69,4312.62,4638.72,4965.21,5401.56,6127.03,7110.23,7532.4,8039.76,9314.69,10674.49,11841.89,12756.95,13606.6,14344.09,15178.3,15612.33
PNG,NGDPDPC,Papua New Guinea,814.701,995.275,1111.94,1269.53,1411.9,1576.16,1883.53,1833.09,2132.19,2552.04,2865.78,2800.17,2992.71,2742.92,2567.58,2755.49,2861.45
PRY,NGDPDPC,Paraguay,1312.08,1377.52,1693.89,1857.78,2285.13,2988.68,4047.71,3621.69,4326.22,5295.44,5155.17,5905.73,6050.05,5353.06,5259.92,5609.85,5725.9
PER,NGDPDPC,Peru,2017.77,2159.74,2408.09,2669.21,3106.72,3587.8,4226.54,4170.44,5055.04,5738.13,6400.4,6631.33,6565.41,6141.43,6191.12,6725.98,7000.16
PHL,NGDPDPC,Philippines,1050.3,1062.62,1137.07,1261.27,1470.83,1764.68,2011.63,1923.67,2237.16,2473.25,2721.25,2903.19,2995.5,3039.23,3107.65,3153.31,3279.52
POL,NGDPDPC,Poland,5205.52,5699.56,6684.68,8023.92,9031.8,11252.86,13999.5,11532.28,12619.62,13879.53,13096.89,13688.36,14272.29,12563.61,12438.52,13868.91,15468.26
PRT,NGDPDPC,Portugal,12927.58,15793.85,18055.89,18790.56,19840.47,22813.67,24946.26,23126.18,22539.04,23213.13,20576.83,21653.51,22109.32,19252.02,19986.36,21482.83,23573.29
PRI,NGDPDPC,Puerto Rico,18972.77,19820.21,20988.99,21959.32,22935.95,23664.87,24898.34,25768.73,26435.74,27278.85,27944.74,28513.15,28981.34,29755.35,30585.55,31347.27,31559.06
QAT,NGDPDPC,Qatar,30701.13,35919.76,42548.12,54357.78,60591.78,65934.27,72484.63,53822.91,69796.14,96827.86,101933.12,99180.39,93054.14,66346.96,57965.39,59127.49,66421.62
ROU,NGDPDPC,Romania,2113.6,2672.81,3483.73,4604.45,5740.4,8262.41,10385.85,8517.6,8194.72,9075.96,8491.03,9530.44,10021.54,8942.2,9520.44,10776.67,12362.98
RUS,NGDPDPC,Russia,2552.79,3197.57,4403.96,5708.84,7426.01,9761.37,12464.24,9156.97,11431.15,14306.43,15287.97,15928.7,14007.51,9257.94,8723.52,10724,11261.72
RWA,NGDPDPC,Rwanda,206.57,222.518,244.043,294.344,369.716,443.725,547.499,587.036,614.796,677.595,732.078,733.789,751.989,759.764,759.492,784.138,795.755
WSM,NGDPDPC,Samoa,1597.36,1878.66,2283.06,2636.34,2778.54,3042.88,3640.07,3264.7,3566.51,3933.42,4022.1,4037.65,3937.71,4073.68,4081.75,4211.63,4197.73
SMR,NGDPDPC,San Marino,,,59293.61,61193.01,64494.91,72991.53,79110.2,67011.54,60426.24,57512.89,50336.19,51986.53,51234.87,43068.69,44308.67,45887.69,49477.28
STP,NGDPDPC,São Tomé and Príncipe,552.891,647.954,692.685,809.407,839.546,885.101,1125.88,1098.37,1128.31,1302.78,1380.11,1619.71,1826.92,1623.81,1737.73,1842.33,1988.72
SAU,NGDPDPC,Saudi Arabia,8822.51,9800.53,11467.1,14068.22,15603.99,16666.63,20157.3,16094.68,19163.34,23654.87,25208.16,24892.99,24929.32,21063.31,20288.92,21113.96,23538.93
SEN,NGDPDPC,Senegal,680.83,831.623,931.745,993.237,1027.79,1197.55,1403.8,1307.52,1272.62,1366.53,1318.61,1372.69,1397.02,1219.37,1269.55,1361.22,1458.73
SRB,NGDPDPC,Serbia,2158.38,2838.5,3317.62,3697.9,4401.87,5882.94,7092.36,6172.49,5677.55,6814.65,6016.79,6757.47,6603.5,5588.98,5765.2,6292.55,7252.4
SYC,NGDPDPC,Seychelles,8431.92,8524.94,10176.66,11093.31,12014.42,12155.7,11480.43,9707.27,10805.1,11647.02,11999.9,14762.22,14701.37,14786.12,15199.21,16180.94,16143.34
SLE,NGDPDPC,Sierra Leone,251.704,265.323,264.775,285.106,323.259,360.425,409.443,391.213,401.835,448.324,566.37,716.148,713.53,592.903,525.948,495.812,533.972
SGP,NGDPDPC,Singapore,22159.83,23730.38,27608.08,29961.31,33768.45,39432.9,40008.58,38926.81,47236.67,53891.46,55547.55,56967.43,57564.8,55645.61,56846.27,61175.44,66675.77
SVK,NGDPDPC,Slovak Republic,4626.83,6341.56,8040.07,9141.86,10700.36,14374.87,18074.62,16591.52,16784.02,18402.63,17502.51,18274.11,18713.38,16326.57,16529.16,17562.97,19428.17
SVN,NGDPDPC,Slovenia,11804.77,14873.63,17254.83,18152.13,19723.8,23912.49,27744.21,24854.23,23570.18,25156.14,22674.49,23516.53,24263.96,20898.91,21681.34,23510.11,26216.43
SLB,NGDPDPC,Solomon Islands,796.557,789.832,868.352,1016.05,1120.38,1260.21,1388.57,1429.21,1608.46,1951.49,2167.12,2286.05,2326.59,2231.83,2299.88,2375.04,2496.89
SOM,NGDPDPC,Somalia,,,,,,,,,,,301.676,316.021,312.727,310.457,312.857,326.515,332.224
ZAF,NGDPDPC,South Africa,2496.99,3744.26,4838.95,5383.76,5610.63,6091.65,5765.55,5880.32,7311.74,7997.07,7487.85,6824.45,6429.83,5731.73,5266.88,6119.89,6353.85
SSD,NGDPDPC,South Sudan,,,,,,,,,,1644.74,1041.46,1337.23,1334.09,1245.68,286.208,277.692,359.062
ESP,NGDPDPC,Spain,17097.92,21501.07,24932.13,26438.03,28414.13,32588.56,35484.39,32131.38,30566.88,31676.69,28344.78,29084.96,29524.76,25764.22,26535.55,28196.76,30448
LKA,NGDPDPC,Sri Lanka,1027.09,1124.83,1218.73,1429.45,1642.83,1865.88,2332.26,2391.7,2799.96,3199.48,3347.89,3607.15,3817.13,3841.52,3885.76,4076.75,4057.33
KNA,NGDPDPC,St. Kitts and Nevis,10304.32,9922.48,10566.96,11256.64,13095.2,13845.79,14925.41,14696.76,14776.44,15724.4,15219.76,15794.36,17056.03,17004.85,17708.18,17994.32,18060.37
LCA,NGDPDPC,St. Lucia,5655.55,6147.79,6567.74,6911.11,7622.71,7936.94,8440.81,8508.12,8968.8,9422.39,9491.45,9750.31,10167.4,10375.92,10609.62,11275.12,11560.86
VCT,NGDPDPC,St. Vincent and the Grenadines,4327.57,4494.11,4847.16,5091.6,5623.32,6272.4,6366.71,6172.79,6224.22,6171.48,6318.54,6569.79,6622.44,6867.52,7033.49,7187.49,7353.64
SDN,NGDPDPC,Sudan,554.652,635.575,772.939,996.677,1249.77,1599.6,1700.51,1401.24,1637.42,2034.46,1396.29,1462.58,1628.5,1679.07,1638.51,1172.97,854.872
SUR,NGDPDPC,Suriname,2872.14,3335.53,3789.59,4483.53,5208.56,5758.07,6832.95,7394.1,8224.07,8190.7,9194.15,9351.96,9379,8439.04,5435.12,5514.71,5871.2
SWE,NGDPDPC,Sweden,29846.19,37249.26,42736.88,43349.85,46425.84,53496.53,55929.86,46734.91,52658.79,60540.22,57816.02,60845.01,59704.81,51274.28,51590.47,53459.07,54295.73
CHE,NGDPDPC,Switzerland,42807.53,49684.27,55005.27,56662.53,59510.58,65777.73,75081.74,72462.93,77433.67,91703.05,87040.28,88724.16,90261.73,85240.79,83518.34,83702.15,86802.56
SYR,NGDPDPC,Syria,1305.09,1208.89,1361.5,1510.39,1726.03,2016.05,2557.21,2557.27,2806.69,,,,,,,,
TWN,NGDPDPC,Taiwan Province of China,13651.36,14040.6,15290.31,16427.46,16892.88,17723.7,18053.59,16904.54,19181.36,20838.59,21256.36,21945.46,22844.32,22752.99,23070.73,25061.62,25825.57
TJK,NGDPDPC,Tajikistan,187.958,236.394,308.844,337.129,401.586,519.025,702.445,666.024,738.287,834.52,949.648,1040.15,1105.2,919.073,795.981,800.802,825.77
TZA,NGDPDPC,Tanzania,382.354,401.069,428.927,459.757,491.056,551.781,683.137,693.025,732.315,768.16,867.857,970.348,1030.74,947.897,966.29,1002.87,1036.93
THA,NGDPDPC,Thailand,2094.26,2356.97,2657.91,2890.48,3366.82,3973.99,4373.45,4208.36,5073.71,5493.74,5862.99,6168.71,5952.38,5837.81,5995.21,6596.22,7293.89
TLS,NGDPDPC,Timor-Leste,509.279,523.851,462.954,476.785,458.878,537.236,627.16,683.31,806.413,947.511,1013.04,1210.04,1232.45,1332.79,1353.75,1286.41,1230.23
TGO,NGDPDPC,Togo,442.768,535.373,557.462,548.803,550.519,606.783,736.985,728.529,721.036,791.925,771.891,838.357,864.996,770.358,802.935,830.458,902.15
TON,NGDPDPC,Tonga,1828.63,2015.25,2288.9,2587.3,2876.12,2925.94,3367.71,3046.76,3569.1,4014.77,4557.28,4386.11,4303.82,4298.22,4178.29,4577,4836.44
TTO,NGDPDPC,Trinidad and Tobago,7162.51,8931.03,10442.17,12471.95,14280.04,16818.28,21479.28,14809.02,16957.43,19300.83,19157.45,20143.46,20270.95,18214.37,16256.46,16173.66,17037.95
TUN,NGDPDPC,Tunisia,2345.99,2762.05,3112.91,3194.48,3371.54,3778.89,4308.91,4131.02,4140.47,4256.84,4137.57,4198.85,4274.47,3829.5,3665.68,3436.2,3442.69
TUR,NGDPDPC,Turkey,3617.23,4684.7,6015.67,7350.89,7961.08,9640.57,10778.13,8941.4,10533.45,11221.4,11637.92,12488.97,12079.29,10973.59,10891.19,10628.9,9506.84
TKM,NGDPDPC,Turkmenistan,1880.29,2443.63,3004.97,3596.23,4429.64,5312.93,4350.13,4036.46,4439.2,5649.98,6675.28,7304.42,7962.37,6432.67,6410.26,6642.52,7065.48
TUV,NGDPDPC,Tuvalu,1661.54,1946.38,2255.92,2229.48,2324.76,2713.06,3026.81,2668.3,3034.68,3644.11,3497.67,3461.77,3412.24,3238.99,3637.44,3950.92,4230.51
UGA,NGDPDPC,Uganda,361.953,361.772,430.758,483.032,527.739,634.361,784.496,815.808,808.713,872.039,950.56,964.833,960.698,773.284,808.445,833.033,878.22
UKR,NGDPDPC,Ukraine,885.315,1055.95,1374.75,1839.52,2319.29,3101.39,3944.72,2557.28,2982.81,3589.63,3872.53,3968.8,3053.61,2124.62,2200,2655.94,3118.53
ARE,NGDPDPC,United Arab Emirates,32790.71,35017.31,39304.51,43988.67,44313.59,41472.29,39074.84,30920.45,35064.26,41194.73,42723.58,43197.43,43340.02,37380.57,36226.23,38031.54,40479.47
GBR,NGDPDPC,United Kingdom,30032.21,34421.36,40252.45,41971.8,44549.73,50467.11,47753.72,38885.08,39579.62,42044.62,42453.47,43444.63,47480.8,45053.49,41177.83,40349.87,43063.74
USA,NGDPDPC,United States,37971.28,39411.55,41629.86,44025.56,46213.51,47869.24,48283.41,47007.67,48403.3,49829.06,51563.13,53071.82,55024.66,56848.51,58017.23,60105.85,63055.98
URY,NGDPDPC,Uruguay,4425.12,3926.71,4456.8,5637.98,6347.28,7587.88,9808.92,10181.7,12883.88,15267.78,16253.47,18167.35,18003.22,16692.65,16446.23,18388.31,18472.83
UZB,NGDPDPC,Uzbekistan,454.86,471.218,552.275,650.58,765.491,989.675,1249.97,1437.65,1667.27,1941.69,2152.95,2300.78,2514.07,2621.98,2575.52,1810.27,1542.64
VUT,NGDPDPC,Vanuatu,1313.46,1542.06,1743.29,1824.51,1985.36,2308.55,2540.72,2519.63,2719.25,3007.56,2934.85,2940.19,2947.95,2771.66,2844.13,3158.84,3256.32
VEN,NGDPDPC,Venezuela,3778.26,3266.1,4312,5421.66,6646.8,8538.1,11079.07,9557.55,11158.18,12180.03,11993.39,8695.04,6747.67,10568.1,9092.02,4725.05,3404.43
VNM,NGDPDPC,Vietnam,546.555,610.357,756.981,873.136,996.255,1152.3,1446.77,1481.81,1628.52,1950.46,2197.61,2370.09,2566.91,2582.39,2720.19,2957.93,3211.46
WBG,NGDPDPC,West Bank and Gaza,1102.5,1197.16,1350.91,1461.09,1480.7,1563.7,1913.32,2061.56,2406.26,2711.92,2888.6,3122.99,3158.6,3084.13,3325.85,3407.31,3353.23
YEM,NGDPDPC,Yemen,560.031,597.771,682.148,797.704,881.648,971.326,1171.17,1060.93,1266.79,1302.3,1367.72,1515.95,1574.25,1500.69,1061.84,891.888,762.136
ZMB,NGDPDPC,Zambia,376.468,429.01,530.54,691.554,1030.69,1103.69,1365.93,1135.01,1456.05,1635.17,1724.63,1839.33,1726.65,1310.46,1254.12,1500.96,1480.42
ZWE,NGDPDPC,Zimbabwe,922.878,822.472,806.898,764.632,677.881,646.558,553.376,790.352,975.851,1131.84,1310.37,1421.55,1415.03,1425.01,1409.45,1516.28,1440.59
