,Actual Outcomes,Predicted Outcomes
0,2,3
1,2,3
2,2,3
3,2,3
4,2,3
5,2,3
6,2,3
7,2,3
8,2,3
9,2,3
10,2,3
11,2,3
12,2,3
13,2,3
14,2,3
15,2,3
16,2,3
17,2,3
18,2,3
19,2,3
20,2,3
21,2,3
22,2,3
23,2,3
24,2,3
25,2,3
26,2,3
27,2,3
28,2,3
29,2,3
30,2,3
31,2,3
32,2,3
33,2,3
34,2,3
35,2,3
36,2,3
37,2,3
38,2,3
39,2,3
40,2,3
41,2,3
42,2,3
43,2,3
44,2,3
45,2,3
46,2,3
47,2,3
48,2,3
49,2,3
50,2,3
51,2,3
52,2,3
53,2,3
54,2,3
55,2,3
56,2,3
57,2,3
58,2,3
59,2,3
60,2,3
61,2,3
62,2,3
63,2,3
64,2,3
65,2,3
66,2,3
67,2,3
68,2,3
69,2,3
70,2,3
71,2,3
72,2,3
73,2,3
74,2,3
75,2,3
76,2,3
77,2,3
78,2,3
79,2,3
80,2,3
81,2,3
82,2,3
83,2,3
84,2,3
85,2,3
86,2,3
87,2,3
88,2,3
89,2,3
90,2,3
91,2,3
92,2,3
93,2,3
94,2,3
95,2,3
96,2,3
97,2,3
98,2,3
99,2,3
100,2,3
101,2,3
102,2,3
103,2,3
104,2,3
105,2,3
106,2,3
107,2,3
108,2,3
109,2,3
110,2,3
111,2,3
112,2,3
113,2,3
114,2,3
115,2,3
116,2,3
117,2,3
118,2,3
119,2,3
120,2,3
121,2,3
122,2,3
123,2,3
124,2,3
125,2,3
126,2,3
127,2,3
128,2,3
129,2,3
130,2,3
131,2,3
132,2,3
133,2,3
134,2,3
135,2,3
136,2,3
137,2,3
138,2,3
139,2,3
140,2,3
141,2,3
142,2,3
143,2,3
144,2,3
145,2,3
146,2,3
147,2,3
148,2,3
149,2,3
150,2,3
151,2,3
152,2,3
153,2,3
154,2,3
155,2,3
156,2,3
157,2,3
158,2,3
159,2,3
160,2,3
161,2,3
162,2,1
163,2,1
164,2,1
165,2,1
166,2,1
167,2,1
168,2,1
169,2,1
170,2,1
171,2,1
172,2,1
173,2,4
174,2,4
175,2,4
176,2,4
177,2,4
178,2,4
179,2,4
180,2,4
181,2,4
182,2,4
183,2,4
184,2,4
185,2,4
186,2,4
187,2,4
188,2,4
189,2,4
190,2,4
191,2,4
192,2,4
193,2,1
194,2,1
195,2,1
196,2,1
197,2,1
198,2,1
199,2,1
200,2,1
201,2,1
202,2,1
203,2,1
204,2,1
205,2,1
206,2,1
207,2,1
208,2,1
209,2,1
210,2,1
211,2,1
212,2,1
213,2,1
214,2,1
215,2,1
216,2,1
217,2,1
218,2,1
219,2,1
220,2,1
221,2,1
222,2,1
223,2,1
224,2,1
225,2,1
226,2,1
227,2,1
228,2,1
229,2,1
230,2,1
231,2,1
232,2,1
233,2,1
234,2,1
235,2,1
236,2,1
237,2,1
238,2,3
239,2,3
240,2,3
241,2,3
242,2,3
243,2,3
244,2,1
245,2,1
246,2,1
247,2,1
248,2,1
249,2,1
250,2,1
251,2,1
252,2,1
253,2,1
254,2,1
255,2,1
256,2,1
257,2,1
258,2,1
259,2,1
260,2,1
261,2,1
262,2,1
263,2,1
264,2,3
265,2,3
266,2,3
267,2,3
268,2,3
269,2,3
270,2,3
271,2,3
272,2,3
273,2,3
274,2,3
275,2,3
276,2,3
277,2,3
278,2,1
279,2,1
280,2,1
281,2,1
282,2,1
283,2,1
284,2,1
285,2,1
286,2,1
287,2,1
288,2,1
289,2,1
290,2,1
291,2,1
292,2,1
293,2,1
294,2,1
295,2,1
296,2,1
297,2,1
298,2,1
299,2,1
300,2,1
301,2,1
302,2,1
303,2,1
304,2,1
305,2,1
306,2,1
307,2,1
308,2,1
309,2,1
310,2,1
311,2,1
312,2,1
313,2,1
314,2,1
315,2,1
316,2,1
317,2,1
318,2,1
319,2,1
320,2,1
321,2,1
322,2,1
323,2,1
324,2,1
325,2,1
326,2,1
327,2,1
328,2,1
329,2,1
330,2,1
331,2,1
332,2,1
333,2,1
334,2,1
335,2,1
336,2,1
337,2,1
338,2,1
339,2,1
340,2,1
341,2,1
342,2,1
343,2,1
344,2,1
345,2,1
346,2,1
347,2,1
348,2,1
349,2,1
350,2,1
351,2,1
352,2,1
353,2,1
354,2,3
355,2,3
356,2,3
357,2,3
358,2,3
359,2,3
360,2,3
361,2,3
362,2,3
363,2,3
364,2,3
365,2,3
366,2,3
367,2,3
368,2,3
369,2,3
370,2,3
371,2,3
372,2,3
373,2,3
374,2,3
375,2,3
376,2,4
377,2,4
378,2,4
379,2,4
380,2,4
381,2,4
382,2,4
383,2,4
384,2,4
385,2,4
386,2,4
387,2,4
388,2,4
389,2,4
390,2,4
391,2,4
392,2,4
393,2,3
394,2,3
395,2,3
396,2,3
397,2,3
398,2,3
399,2,3
400,2,3
401,2,3
402,2,3
403,2,3
404,2,3
405,2,3
406,2,3
407,2,3
408,2,3
409,2,3
410,2,3
411,2,3
412,2,3
413,2,3
414,2,3
415,2,3
416,2,3
417,2,3
418,2,3
419,2,3
420,2,3
421,2,3
422,2,3
423,2,3
424,2,3
425,2,3
426,2,3
427,2,3
428,2,3
429,2,3
430,2,3
431,2,3
432,2,3
433,2,3
434,2,3
435,2,3
436,2,3
437,2,3
438,2,3
439,2,3
440,2,2
441,2,2
442,2,2
443,2,2
444,2,2
445,2,2
446,2,2
447,2,2
448,2,2
449,2,2
450,2,2
451,2,2
452,2,2
453,2,2
454,2,2
455,2,2
456,2,2
457,2,2
458,2,2
459,2,2
460,2,2
461,2,2
462,2,2
463,2,2
464,2,2
465,2,2
466,2,2
467,2,2
468,2,2
469,2,2
470,2,2
471,2,2
472,2,2
473,2,2
474,2,2
475,2,2
476,2,2
477,2,2
478,2,2
479,2,2
480,2,2
481,2,2
482,2,2
483,2,2
484,2,2
485,2,2
486,2,2
487,2,2
488,2,2
489,2,2
490,2,2
491,2,2
492,2,2
493,2,2
494,2,2
495,2,2
496,2,2
497,2,2
498,2,2
499,2,2
500,2,2
501,2,2
502,2,2
503,2,2
504,2,2
505,2,2
506,2,2
507,2,2
508,2,2
509,2,2
510,2,2
511,2,3
512,2,3
513,2,1
514,2,1
515,2,1
516,2,1
517,2,1
518,2,1
519,2,1
520,2,1
521,2,1
522,2,1
523,2,1
524,2,1
525,2,1
526,2,1
527,2,1
528,2,1
529,2,1
530,2,1
531,2,1
532,2,1
533,2,1
534,2,1
535,2,1
536,2,1
537,2,1
538,2,1
539,2,1
540,2,1
541,2,1
542,2,1
543,2,1
544,2,1
545,2,1
546,2,1
547,2,1
548,2,1
549,2,1
550,2,1
551,2,1
552,2,3
553,2,1
554,2,1
555,2,1
556,2,1
557,2,1
558,2,1
559,2,1
560,2,1
561,2,1
562,2,1
563,2,1
564,2,1
565,2,1
566,2,1
567,2,3
568,3,0
569,2,4
570,2,4
571,2,4
572,1,0
573,1,0
574,1,0
575,1,0
576,1,0
577,1,0
578,1,0
579,1,0
580,1,0
581,1,0
582,1,0
583,1,0
584,1,0
585,1,0
586,1,0
587,1,0
588,1,0
589,1,0
590,1,0
591,1,0
592,1,0
593,1,0
594,1,0
595,1,0
596,1,0
597,1,0
598,1,0
599,1,0
600,1,0
601,1,0
602,1,0
603,1,0
604,1,0
605,1,0
606,1,0
607,1,0
608,1,0
609,1,0
610,1,0
611,1,0
612,1,0
613,1,0
614,1,0
615,1,0
616,1,0
617,1,0
618,1,0
619,1,0
620,1,0
621,1,0
622,1,0
623,1,0
624,1,0
625,1,0
626,1,0
627,1,0
628,1,0
629,1,0
630,2,4
631,2,4
632,2,4
633,2,4
634,2,4
635,2,4
636,2,4
637,2,4
638,2,4
639,2,4
640,2,4
641,1,0
642,1,0
643,1,0
644,1,0
645,1,0
646,1,0
647,1,0
648,1,0
649,1,0
650,1,0
651,1,0
652,1,0
653,1,0
654,1,0
655,1,0
656,1,0
657,1,0
658,1,0
659,1,0
660,1,0
661,1,0
662,1,0
663,1,0
664,1,0
665,1,0
666,1,0
667,1,0
668,1,0
669,1,0
670,2,4
671,2,4
672,2,4
673,2,4
674,2,4
675,2,4
676,2,4
677,2,4
678,2,4
679,2,4
680,2,4
681,2,4
682,2,4
683,2,4
684,2,4
685,2,4
686,2,2
687,2,2
688,2,2
689,2,2
690,2,2
691,2,2
692,2,2
693,2,2
694,2,2
695,2,2
696,2,2
697,2,2
698,2,2
699,2,2
700,2,2
701,2,2
702,2,2
703,1,0
704,1,0
705,1,0
706,1,0
707,1,0
708,1,0
709,1,0
710,1,0
711,1,0
712,1,0
713,1,0
714,2,0
715,2,0
716,2,0
717,2,0
718,2,0
719,2,0
720,2,0
721,2,0
722,2,0
723,2,0
724,2,0
725,2,0
726,2,0
727,2,0
728,2,0
729,2,0
730,2,0
731,2,0
732,2,0
733,2,0
734,2,0
735,2,0
736,2,0
737,2,0
738,2,0
739,2,0
740,2,0
741,2,0
742,2,4
743,2,4
744,2,4
745,2,4
746,2,4
747,2,4
748,2,4
749,2,4
750,2,4
751,2,4
752,2,4
753,2,4
754,2,4
755,2,4
756,2,4
757,2,4
758,2,4
759,2,4
760,2,4
761,2,4
762,2,4
763,2,4
764,2,0
765,2,0
766,2,0
767,2,0
768,2,0
769,2,0
770,2,0
771,2,0
772,2,0
773,2,0
774,2,0
775,2,0
776,2,0
777,2,0
778,2,0
779,2,0
780,2,0
781,2,0
782,2,0
783,2,0
784,2,0
785,2,0
786,2,0
787,2,0
788,2,4
789,2,4
790,2,4
791,2,4
792,2,4
793,2,4
794,2,4
795,2,4
796,2,4
797,2,4
798,2,4
799,2,4
800,2,4
801,2,4
802,2,4
803,2,4
804,2,4
805,2,4
806,2,4
807,2,4
808,2,4
809,2,4
810,2,4
811,2,4
812,2,4
813,2,4
814,2,4
815,2,4
816,2,4
817,2,4
818,2,4
819,2,4
820,2,4
821,2,4
822,2,4
823,2,4
824,2,4
825,2,4
826,2,4
827,2,4
828,2,4
829,2,4
830,2,4
831,2,4
832,2,4
833,2,4
834,2,4
835,2,4
836,2,4
837,2,4
838,2,4
839,2,4
840,2,4
841,2,4
842,2,4
843,2,4
844,2,4
845,2,4
846,2,4
847,2,4
848,2,4
849,2,4
850,2,4
851,2,4
852,2,4
853,1,4
854,1,4
855,1,4
856,1,4
857,1,4
858,1,4
859,1,4
860,1,4
861,1,4
862,1,4
863,2,4
864,2,3
865,2,3
866,2,3
867,2,1
868,2,1
869,2,1
870,2,1
871,2,1
872,2,1
873,2,1
874,2,1
875,2,1
876,2,1
877,2,3
878,2,3
879,2,3
880,2,2
881,2,2
882,2,2
883,2,2
884,2,2
885,2,2
886,2,2
887,2,2
888,2,2
889,2,2
890,2,2
891,2,2
892,2,2
893,2,2
894,2,3
895,2,3
896,2,3
897,2,3
898,2,3
899,2,3
900,2,3
901,2,3
902,2,3
903,2,3
904,2,3
905,2,3
906,2,3
907,2,1
908,2,1
909,2,1
910,2,1
911,2,1
912,2,1
913,2,1
914,2,1
915,2,1
916,2,1
917,2,1
918,2,1
919,2,1
920,2,2
921,2,2
922,2,2
923,2,2
924,2,2
925,2,2
926,2,2
927,2,2
928,2,2
929,2,3
930,2,3
931,2,3
932,2,3
933,2,3
934,2,3
935,2,3
936,2,3
937,2,3
938,2,3
939,2,3
940,2,4
941,2,4
942,2,4
943,2,4
944,2,4
945,2,4
946,2,4
947,2,4
948,2,4
949,2,4
950,2,4
951,2,1
952,2,1
953,2,1
954,2,1
955,2,1
956,2,1
957,2,1
958,2,1
959,2,1
960,2,1
961,2,1
962,2,1
963,2,1
964,2,1
965,2,1
966,2,1
967,2,1
968,2,1
969,2,1
970,2,1
971,2,1
972,2,1
973,2,1
974,2,1
975,2,1
976,2,1
977,2,1
978,2,1
979,2,1
980,2,1
981,2,1
982,2,1
983,2,1
984,2,1
985,2,1
986,2,1
987,2,1
988,2,1
989,2,1
990,2,1
991,2,1
992,2,1
993,2,1
994,2,2
995,2,2
996,2,2
997,2,2
998,2,2
999,2,2
1000,2,2
1001,2,2
1002,2,2
1003,2,2
1004,2,2
1005,2,2
1006,2,2
1007,2,2
1008,2,2
1009,2,2
1010,2,2
1011,2,2
1012,2,2
1013,2,2
1014,2,2
1015,2,2
1016,2,3
1017,2,3
1018,2,3
1019,2,3
1020,2,3
1021,2,3
1022,2,3
1023,2,3
1024,2,3
1025,2,3
1026,2,3
1027,2,3
1028,2,3
1029,2,3
1030,2,3
1031,2,3
1032,2,3
1033,2,3
1034,2,3
1035,2,3
1036,2,3
1037,2,3
1038,2,3
1039,2,3
1040,2,3
1041,2,3
1042,2,3
1043,2,3
1044,2,3
1045,2,3
1046,2,3
1047,2,3
1048,2,3
1049,2,3
1050,2,3
1051,2,3
1052,2,3
1053,2,3
1054,2,3
1055,2,3
1056,2,3
1057,2,3
1058,2,4
1059,2,4
1060,2,4
1061,2,4
1062,2,4
1063,2,4
1064,2,4
1065,2,4
1066,2,4
1067,2,4
1068,2,4
1069,2,4
1070,2,4
1071,2,4
1072,2,4
1073,2,4
1074,2,4
1075,2,4
1076,2,1
1077,2,1
1078,2,1
1079,2,1
1080,2,1
1081,2,1
1082,2,1
1083,2,1
1084,2,1
1085,2,1
1086,2,1
1087,2,1
1088,2,1
1089,2,1
1090,2,1
1091,2,1
1092,2,1
1093,2,1
1094,2,1
1095,2,1
1096,2,1
1097,2,1
1098,2,1
1099,2,1
1100,2,1
1101,2,1
1102,2,1
1103,2,1
1104,2,1
1105,2,1
1106,2,1
1107,2,1
1108,2,1
1109,2,1
1110,2,1
1111,2,1
1112,2,1
1113,2,1
1114,2,1
1115,2,1
1116,2,1
1117,2,1
1118,2,1
1119,2,1
1120,2,1
1121,2,1
1122,2,1
1123,2,1
1124,2,1
1125,2,1
1126,2,1
1127,2,1
1128,2,1
1129,2,1
1130,2,1
1131,2,1
1132,2,1
1133,2,1
1134,2,1
1135,2,1
1136,2,1
1137,2,1
1138,2,1
1139,2,1
1140,2,1
1141,2,1
1142,2,1
1143,2,1
1144,2,1
1145,2,1
1146,2,1
1147,2,1
1148,2,1
1149,2,1
1150,2,1
1151,2,1
1152,2,1
1153,2,1
1154,2,1
1155,2,1
1156,2,1
1157,2,1
1158,2,1
1159,2,1
1160,2,1
1161,2,1
1162,2,1
1163,2,1
1164,2,1
1165,2,1
1166,2,1
1167,2,1
1168,2,1
1169,2,1
1170,2,1
1171,2,1
1172,2,1
1173,2,1
1174,2,1
1175,2,1
1176,2,1
1177,2,1
1178,2,1
1179,2,2
1180,2,2
1181,2,2
1182,2,2
1183,2,2
1184,2,2
1185,2,2
1186,2,2
1187,2,2
1188,2,2
1189,2,2
1190,2,2
1191,2,3
1192,2,3
1193,2,3
1194,2,3
1195,2,3
1196,2,3
1197,2,3
1198,2,3
1199,2,3
1200,2,3
1201,2,3
1202,2,3
1203,2,3
1204,2,3
1205,2,3
1206,2,3
1207,2,3
1208,2,3
1209,2,3
1210,2,3
1211,2,3
1212,2,3
1213,2,3
1214,2,3
1215,2,3
1216,2,4
1217,2,4
1218,2,4
1219,2,4
1220,2,4
1221,2,4
1222,2,4
1223,2,4
1224,2,4
1225,2,4
1226,2,4
1227,2,4
1228,2,4
1229,2,4
1230,2,4
1231,2,4
1232,2,4
1233,2,4
1234,2,4
1235,2,4
1236,2,4
1237,2,4
1238,2,4
1239,2,4
1240,2,4
1241,2,4
1242,2,4
1243,2,1
1244,2,1
1245,2,1
1246,2,1
1247,2,1
1248,2,1
1249,2,1
1250,2,1
1251,2,1
1252,2,1
1253,2,1
1254,2,1
1255,2,1
1256,2,1
1257,2,1
1258,2,1
1259,2,1
1260,2,1
1261,2,1
1262,2,1
1263,2,1
1264,2,1
1265,2,1
1266,2,1
1267,2,1
1268,2,1
1269,2,1
1270,2,1
1271,2,1
1272,2,1
1273,2,1
1274,2,1
1275,2,1
1276,2,1
1277,2,1
1278,2,1
1279,2,1
1280,2,1
1281,2,1
1282,2,1
1283,2,1
1284,2,1
1285,2,1
1286,2,1
1287,2,1
1288,2,1
1289,2,1
1290,2,1
1291,2,1
1292,2,1
1293,2,1
1294,2,1
1295,2,1
1296,2,1
1297,2,1
1298,2,1
1299,2,1
1300,2,1
1301,2,1
1302,2,1
1303,2,1
1304,2,1
1305,2,1
1306,2,2
1307,2,2
1308,2,2
1309,2,2
1310,2,2
1311,2,2
1312,2,2
1313,2,2
1314,2,2
1315,2,2
1316,2,2
1317,2,2
1318,2,3
1319,2,3
1320,2,3
1321,2,3
1322,2,3
1323,2,1
1324,2,1
1325,2,1
1326,2,1
1327,2,1
1328,2,1
1329,2,1
1330,2,1
1331,2,1
1332,2,1
1333,2,1
1334,2,1
1335,2,1
1336,2,1
1337,2,1
1338,2,1
1339,2,1
1340,2,1
1341,2,1
1342,2,1
1343,2,1
1344,2,1
1345,1,0
1346,1,0
1347,1,0
1348,1,0
1349,1,0
1350,1,0
1351,1,0
1352,1,0
1353,1,0
1354,1,0
1355,1,0
1356,1,0
1357,1,0
1358,1,0
1359,1,0
1360,1,0
1361,1,0
1362,1,0
1363,1,0
1364,1,0
1365,1,0
1366,1,0
1367,1,0
1368,1,0
1369,1,0
1370,1,0
1371,1,0
1372,1,0
1373,1,0
1374,1,0
1375,1,0
1376,1,0
1377,1,0
1378,1,0
1379,1,0
1380,1,0
1381,1,0
1382,1,0
1383,1,0
1384,1,0
1385,1,0
1386,1,0
1387,1,0
1388,1,0
1389,1,0
1390,1,0
1391,1,0
1392,1,0
1393,1,0
1394,1,0
1395,1,0
1396,1,0
1397,1,0
1398,1,0
1399,1,0
1400,1,0
1401,1,0
1402,1,0
1403,1,0
1404,1,0
1405,1,0
1406,1,0
1407,1,0
1408,1,0
1409,1,0
1410,1,0
1411,1,0
1412,1,0
1413,1,0
1414,1,0
1415,1,0
1416,1,0
1417,1,0
1418,1,0
1419,1,0
1420,1,0
1421,1,0
1422,1,0
1423,1,0
1424,1,0
1425,1,0
1426,1,0
1427,1,0
1428,1,0
1429,1,0
1430,1,0
1431,1,0
1432,1,0
1433,1,0
1434,1,0
1435,1,0
1436,1,0
1437,1,0
1438,1,0
1439,1,0
1440,1,0
1441,1,0
1442,1,0
1443,1,0
1444,1,0
1445,1,0
1446,1,0
1447,1,0
1448,1,0
1449,1,0
1450,1,0
1451,1,0
1452,1,0
1453,1,0
1454,1,0
1455,1,0
1456,1,0
1457,1,0
1458,1,0
1459,1,0
1460,1,0
1461,1,0
1462,1,0
1463,1,0
1464,1,0
1465,1,0
1466,1,0
1467,1,0
1468,1,0
1469,1,0
1470,1,0
1471,1,0
1472,1,0
1473,1,0
1474,1,0
1475,1,0
1476,1,0
1477,1,0
1478,1,0
1479,1,0
1480,1,0
1481,1,0
1482,1,0
1483,1,0
1484,1,0
1485,1,0
1486,1,0
1487,1,0
1488,1,0
1489,1,0
1490,1,0
1491,1,0
1492,1,0
1493,1,0
1494,1,0
1495,1,0
1496,1,0
1497,1,0
1498,1,0
1499,1,0
1500,1,0
1501,1,0
1502,1,0
1503,1,0
1504,1,0
1505,1,0
1506,1,0
1507,1,0
1508,1,0
1509,1,0
1510,1,0
1511,1,0
1512,1,0
1513,1,0
1514,1,0
1515,1,0
1516,1,0
1517,1,0
1518,1,0
1519,1,0
1520,1,0
1521,1,0
1522,1,0
1523,1,0
1524,1,0
1525,1,0
1526,1,0
1527,1,0
1528,1,0
1529,1,0
1530,1,0
1531,1,0
1532,1,0
1533,1,0
1534,1,0
1535,1,0
1536,1,0
1537,1,0
1538,1,0
1539,1,0
1540,1,0
1541,1,0
1542,1,0
1543,1,0
1544,1,0
1545,1,0
1546,1,0
1547,1,0
1548,1,0
1549,1,0
1550,1,0
1551,1,0
1552,1,0
1553,1,0
1554,1,0
1555,1,0
1556,1,0
1557,1,0
1558,1,0
1559,1,0
1560,1,0
1561,1,0
1562,1,0
1563,1,0
1564,1,0
1565,1,0
1566,1,0
1567,1,0
1568,1,0
1569,1,0
1570,1,0
1571,1,0
1572,1,0
1573,1,0
1574,1,0
1575,1,0
1576,1,0
1577,1,0
1578,1,0
1579,1,0
1580,1,0
1581,1,0
1582,1,0
1583,1,0
1584,1,0
1585,1,0
1586,1,0
1587,1,0
1588,1,0
1589,1,0
1590,1,0
1591,1,0
1592,1,0
1593,1,0
1594,1,0
1595,1,0
1596,1,0
1597,1,0
1598,1,0
1599,1,0
1600,1,0
1601,1,0
1602,1,0
1603,1,0
1604,1,0
1605,1,0
1606,1,0
1607,1,0
1608,1,0
1609,1,0
1610,1,0
1611,1,0
1612,1,0
1613,1,0
1614,1,0
1615,1,0
1616,1,0
1617,1,0
1618,1,0
1619,1,0
1620,1,0
1621,1,0
1622,1,0
1623,1,0
1624,1,0
1625,1,0
1626,1,0
1627,1,0
1628,1,0
1629,1,0
1630,1,0
1631,1,0
1632,1,0
1633,1,0
1634,1,0
1635,1,0
1636,1,0
1637,1,0
1638,1,0
1639,1,0
1640,1,0
1641,1,0
1642,1,0
1643,1,0
1644,1,0
1645,1,0
1646,1,0
1647,1,0
1648,1,0
1649,1,0
1650,1,0
1651,1,0
1652,1,0
1653,1,0
1654,1,0
1655,1,0
1656,1,0
1657,1,0
1658,1,0
1659,1,0
1660,1,0
1661,1,0
1662,1,0
1663,1,0
1664,1,0
1665,1,0
1666,1,0
1667,1,0
1668,1,0
1669,1,0
1670,1,0
1671,1,0
1672,1,0
1673,1,0
1674,1,0
1675,1,0
1676,1,0
1677,1,0
1678,1,0
1679,1,0
1680,1,0
1681,1,0
1682,1,0
1683,1,0
1684,1,0
1685,1,0
1686,1,0
1687,1,0
1688,1,0
1689,1,0
1690,1,0
1691,1,0
1692,1,0
1693,1,0
1694,1,0
1695,1,0
1696,1,0
1697,1,0
1698,1,0
1699,1,0
1700,1,0
1701,1,0
1702,1,0
1703,1,0
1704,1,0
1705,1,0
1706,1,0
1707,1,0
1708,1,0
1709,1,0
1710,1,0
1711,1,0
1712,1,0
1713,1,0
1714,1,0
1715,1,0
1716,1,0
1717,1,0
1718,1,0
1719,1,0
1720,1,0
1721,1,0
1722,1,0
1723,1,0
1724,1,0
1725,1,0
1726,1,0
1727,1,0
1728,1,0
1729,1,0
1730,1,0
1731,1,0
1732,1,0
1733,1,0
1734,1,0
1735,1,0
1736,1,0
1737,1,0
1738,1,0
1739,1,0
1740,1,0
1741,1,0
1742,1,0
1743,1,0
1744,1,0
1745,1,0
1746,1,0
1747,1,0
1748,1,0
1749,1,0
1750,1,0
1751,1,0
1752,1,0
1753,1,0
1754,1,0
1755,1,0
1756,1,0
1757,1,0
1758,1,0
1759,1,0
1760,1,0
1761,1,0
1762,1,0
1763,1,0
1764,1,0
1765,1,0
1766,1,0
1767,1,0
1768,1,0
1769,1,0
1770,1,0
1771,1,0
1772,1,0
1773,1,0
1774,1,0
1775,1,0
1776,1,0
1777,1,0
1778,1,0
1779,1,0
1780,1,0
1781,1,0
1782,1,0
1783,1,0
1784,1,0
1785,1,0
1786,1,0
1787,1,0
1788,1,0
1789,1,0
1790,1,0
1791,1,0
1792,1,0
1793,1,0
1794,1,0
1795,1,0
1796,1,0
1797,1,0
1798,1,0
1799,1,0
1800,1,0
1801,1,0
1802,1,0
1803,1,0
1804,1,0
1805,1,0
1806,1,0
1807,1,0
1808,1,0
1809,1,0
1810,1,0
1811,1,0
1812,1,0
1813,1,0
1814,1,0
1815,1,0
1816,1,0
1817,1,0
1818,1,0
1819,1,0
1820,1,0
1821,1,0
1822,1,0
1823,1,0
1824,1,0
1825,1,0
1826,1,0
1827,1,0
1828,1,0
1829,1,0
1830,1,0
1831,1,0
1832,1,0
1833,1,0
1834,1,0
1835,1,0
1836,1,0
1837,1,0
1838,1,0
1839,1,0
1840,1,0
1841,1,0
1842,1,0
1843,1,0
1844,1,0
1845,1,0
1846,1,0
1847,1,0
1848,1,0
1849,1,0
1850,1,0
1851,1,0
1852,1,0
1853,1,0
1854,1,0
1855,1,0
1856,1,0
1857,1,0
1858,1,0
1859,1,0
1860,1,0
1861,1,0
1862,1,0
1863,1,0
1864,1,0
1865,1,0
1866,1,0
1867,1,0
1868,1,0
1869,1,0
1870,1,0
1871,1,0
1872,1,0
1873,1,0
1874,1,0
1875,1,0
1876,1,0
1877,1,0
1878,1,0
1879,1,0
1880,1,0
1881,1,0
1882,1,0
1883,1,0
1884,1,0
1885,1,0
1886,1,0
1887,1,0
1888,1,0
1889,1,0
1890,1,0
1891,1,0
1892,1,0
1893,1,0
1894,1,0
1895,1,0
1896,1,0
1897,1,0
1898,1,0
1899,1,0
1900,1,0
1901,1,0
1902,1,0
1903,1,0
1904,1,0
1905,1,0
1906,1,0
1907,1,0
1908,1,0
1909,1,0
1910,1,0
1911,1,0
1912,1,0
1913,1,0
1914,1,0
1915,1,0
1916,1,0
1917,1,0
1918,1,0
1919,1,0
1920,1,0
1921,1,0
1922,1,0
1923,1,0
1924,1,0
1925,1,0
1926,1,0
1927,1,0
1928,1,0
1929,1,0
1930,1,0
1931,1,0
1932,1,0
1933,1,0
1934,1,0
1935,1,0
1936,1,0
1937,1,0
1938,1,0
1939,1,0
1940,1,0
1941,1,0
1942,1,0
1943,1,0
1944,1,0
1945,1,0
1946,1,0
1947,1,0
1948,1,0
1949,1,0
1950,1,0
1951,1,0
1952,1,0
1953,1,0
1954,1,0
1955,1,0
1956,1,0
1957,1,0
1958,1,0
1959,1,0
1960,1,0
1961,1,0
1962,1,0
1963,1,0
1964,1,0
1965,1,0
1966,1,0
1967,1,0
1968,1,0
1969,1,0
1970,1,0
1971,1,0
1972,1,0
1973,1,0
1974,1,0
1975,1,0
1976,2,4
1977,2,4
1978,2,4
1979,2,4
1980,2,4
1981,2,4
1982,2,4
1983,2,4
1984,2,4
1985,2,4
1986,2,4
1987,2,4
1988,2,1
1989,2,1
1990,2,1
1991,2,1
1992,2,1
1993,2,1
1994,2,1
1995,2,1
1996,2,1
1997,2,1
1998,2,1
1999,2,1
2000,2,4
2001,2,4
2002,2,4
2003,2,4
2004,2,4
2005,2,4
2006,2,4
2007,2,4
2008,2,4
2009,2,4
2010,2,4
2011,2,4
2012,2,4
2013,2,4
2014,2,4
2015,2,4
2016,2,4
2017,2,4
2018,2,4
2019,2,4
2020,2,4
2021,2,4
2022,2,4
2023,2,4
2024,2,4
2025,2,4
2026,2,4
2027,2,4
2028,2,4
2029,2,4
2030,2,4
2031,2,4
2032,2,4
2033,2,4
2034,2,4
2035,2,4
2036,2,4
2037,2,4
2038,2,4
2039,2,4
2040,2,4
2041,2,4
2042,2,4
2043,2,4
2044,2,4
2045,2,1
2046,2,1
2047,2,1
2048,2,1
2049,2,1
2050,2,1
2051,2,1
2052,2,1
2053,2,1
2054,2,1
2055,2,1
2056,2,1
2057,2,1
2058,2,1
2059,2,1
2060,2,1
2061,2,4
2062,2,4
2063,2,4
2064,2,4
2065,2,4
2066,2,4
2067,2,4
2068,2,4
2069,2,4
2070,2,4
2071,2,4
2072,2,4
2073,2,0
2074,2,0
2075,2,0
2076,2,0
2077,2,0
2078,2,0
2079,2,0
2080,2,0
2081,2,0
2082,2,0
2083,2,0
2084,2,0
2085,2,0
2086,2,1
2087,2,1
2088,2,1
2089,2,1
2090,2,1
2091,2,1
2092,2,1
2093,2,1
2094,2,1
2095,2,1
2096,2,1
2097,2,1
2098,2,1
2099,2,1
2100,2,3
2101,2,3
2102,2,3
2103,2,3
2104,2,3
2105,2,3
2106,2,3
2107,2,3
2108,2,3
2109,2,3
2110,2,3
2111,2,3
2112,2,3
2113,2,1
2114,2,1
2115,2,1
2116,2,1
2117,2,1
2118,2,1
2119,2,1
2120,2,1
2121,2,1
2122,2,1
2123,2,1
2124,2,1
2125,2,1
2126,2,1
2127,2,1
2128,2,1
2129,2,1
2130,2,1
2131,2,1
2132,2,1
2133,2,1
2134,2,1
2135,2,1
2136,2,1
2137,2,1
2138,2,1
2139,2,1
2140,2,1
2141,2,1
2142,2,1
2143,2,1
2144,2,1
2145,2,1
2146,2,1
2147,2,1
2148,2,1
2149,2,1
2150,2,1
2151,2,1
2152,2,1
2153,2,1
2154,2,1
2155,2,1
2156,2,1
2157,2,1
2158,2,1
2159,2,1
2160,2,1
2161,2,1
2162,2,1
2163,2,1
2164,2,1
2165,2,1
2166,2,1
2167,2,1
2168,2,1
2169,2,1
2170,2,1
2171,2,1
2172,2,1
2173,2,1
2174,2,1
2175,2,1
2176,2,1
2177,2,1
2178,2,1
2179,2,1
2180,2,1
2181,2,1
2182,2,1
2183,2,1
2184,2,4
2185,2,4
2186,2,4
2187,2,4
2188,2,4
2189,2,4
2190,2,4
2191,2,4
2192,2,4
2193,2,4
2194,2,4
2195,2,4
2196,2,4
2197,2,4
2198,2,4
2199,2,4
2200,2,4
2201,2,4
2202,2,2
2203,2,2
2204,2,2
2205,2,2
2206,2,2
2207,2,2
2208,2,2
2209,2,2
2210,2,2
2211,2,2
2212,2,2
2213,2,2
2214,2,2
2215,2,2
2216,2,2
2217,2,2
2218,2,2
2219,2,2
2220,2,2
2221,2,2
2222,2,3
2223,2,3
2224,2,3
2225,2,3
2226,2,3
2227,2,3
2228,2,3
2229,2,3
2230,2,3
2231,2,3
2232,2,3
2233,2,3
2234,2,3
2235,2,3
2236,2,3
2237,2,3
2238,2,3
2239,2,3
2240,2,3
2241,2,3
2242,2,3
2243,2,3
2244,2,3
2245,2,3
2246,2,3
2247,2,3
2248,2,3
2249,2,3
2250,2,3
2251,2,3
2252,2,3
2253,2,3
2254,2,3
2255,2,3
2256,2,3
2257,2,3
2258,2,3
2259,2,3
2260,2,3
2261,2,3
2262,2,3
2263,2,3
2264,2,3
2265,2,0
2266,2,0
2267,2,0
2268,2,0
2269,2,0
2270,2,0
2271,2,0
2272,2,0
2273,2,0
2274,2,0
2275,2,0
2276,2,0
2277,2,0
2278,2,0
2279,2,4
2280,2,4
2281,2,4
2282,2,4
2283,2,4
2284,2,4
2285,2,4
2286,2,4
2287,2,4
2288,2,4
2289,2,4
2290,2,4
2291,2,4
2292,2,4
2293,2,4
2294,2,4
2295,2,4
2296,2,4
2297,2,4
2298,2,4
2299,2,4
2300,2,4
2301,2,4
2302,2,4
2303,2,4
2304,2,4
2305,2,4
2306,2,4
2307,2,4
2308,2,4
2309,2,4
2310,2,4
2311,2,4
2312,2,4
2313,2,4
2314,2,4
2315,2,4
2316,2,4
2317,2,4
2318,2,4
2319,2,4
2320,2,4
2321,2,4
2322,2,4
2323,2,4
2324,2,4
2325,2,1
2326,2,1
2327,2,1
2328,2,1
2329,2,1
2330,2,1
2331,2,1
2332,2,1
2333,2,1
2334,2,1
2335,2,1
2336,2,1
2337,2,1
2338,2,1
2339,2,1
2340,2,1
2341,2,1
2342,2,1
2343,2,1
2344,2,1
2345,2,1
2346,2,1
2347,2,1
2348,2,1
2349,2,1
2350,2,1
2351,2,1
2352,2,1
2353,2,1
2354,2,1
2355,2,1
2356,2,1
2357,2,1
2358,2,1
2359,2,1
2360,2,1
2361,2,1
2362,2,1
2363,2,1
2364,2,1
2365,2,1
2366,2,1
2367,2,1
2368,2,1
2369,2,1
2370,2,1
2371,2,1
2372,2,1
2373,2,1
2374,2,1
2375,2,1
2376,2,1
2377,2,1
2378,2,1
2379,2,1
2380,2,1
2381,2,1
2382,2,1
2383,2,1
2384,2,1
2385,2,1
2386,2,1
2387,2,1
2388,2,1
2389,2,1
2390,2,1
2391,2,1
2392,2,1
2393,2,1
2394,2,1
2395,2,1
2396,2,1
2397,2,1
2398,2,1
2399,2,1
2400,2,1
2401,2,1
2402,2,1
2403,2,1
2404,2,1
2405,2,1
2406,2,1
2407,2,1
2408,2,1
2409,2,1
2410,2,1
2411,2,1
2412,2,1
2413,2,1
2414,2,1
2415,2,1
2416,2,1
2417,2,1
2418,2,1
2419,2,1
2420,2,1
2421,2,1
2422,2,1
2423,2,1
2424,2,1
2425,2,1
2426,2,1
2427,2,1
2428,2,1
2429,2,1
2430,2,1
2431,2,1
2432,2,1
2433,2,1
2434,2,1
2435,2,4
2436,2,4
2437,2,4
2438,2,4
2439,2,4
2440,2,4
2441,2,4
2442,2,4
2443,2,4
2444,2,4
2445,2,4
2446,2,4
2447,2,4
2448,2,4
2449,2,4
2450,2,4
2451,2,4
2452,2,4
2453,2,4
2454,2,4
2455,2,4
2456,2,4
2457,2,3
2458,2,3
2459,2,3
2460,2,3
2461,2,3
2462,2,3
2463,2,3
2464,2,3
2465,2,3
2466,2,3
2467,2,0
2468,2,0
2469,2,0
2470,2,0
2471,2,0
2472,2,0
2473,2,0
2474,2,0
2475,2,0
2476,2,0
2477,2,0
2478,2,0
2479,2,0
2480,2,0
2481,2,0
2482,2,0
2483,2,0
2484,2,0
2485,2,0
2486,2,0
2487,2,0
2488,2,4
2489,2,4
2490,2,4
2491,2,4
2492,2,4
2493,2,4
2494,2,4
2495,2,4
2496,2,4
2497,2,4
2498,2,4
2499,2,4
2500,2,4
2501,2,4
2502,2,4
2503,2,1
2504,2,1
2505,2,1
2506,2,1
2507,2,1
2508,2,1
2509,2,1
2510,2,1
2511,2,1
2512,2,1
2513,2,1
2514,2,1
2515,2,1
2516,2,1
2517,2,1
2518,2,1
2519,2,1
2520,2,1
2521,2,1
2522,2,1
2523,2,1
2524,2,1
2525,2,1
2526,2,1
2527,2,1
2528,2,1
2529,2,1
2530,2,1
2531,2,1
2532,2,1
2533,2,1
2534,2,1
2535,2,1
2536,2,1
2537,2,1
2538,2,1
2539,2,1
2540,2,1
2541,2,4
2542,2,4
2543,2,4
2544,2,4
2545,2,4
2546,2,4
2547,2,4
2548,2,4
2549,2,4
2550,2,4
2551,2,4
2552,2,4
2553,2,4
2554,2,4
2555,2,4
2556,2,0
2557,2,0
2558,2,0
2559,2,0
2560,2,0
2561,2,0
2562,2,0
2563,2,0
2564,2,0
2565,2,0
2566,2,0
2567,2,0
2568,2,0
2569,2,0
2570,2,0
2571,2,0
2572,2,0
2573,2,0
2574,2,1
2575,2,1
2576,2,1
2577,2,1
2578,2,1
2579,2,1
2580,2,1
2581,2,1
2582,2,1
2583,2,1
2584,2,1
2585,2,1
2586,2,1
2587,2,1
2588,1,0
2589,1,0
2590,1,0
2591,1,0
2592,1,0
2593,1,0
2594,1,0
2595,1,0
2596,1,0
2597,1,0
2598,1,0
2599,1,0
2600,1,0
2601,1,0
2602,1,0
2603,1,0
2604,1,0
2605,1,0
2606,1,0
2607,1,0
2608,1,0
2609,1,0
2610,1,0
2611,1,0
2612,1,0
2613,1,0
2614,1,0
2615,1,0
2616,1,0
2617,1,0
2618,1,0
2619,1,0
2620,1,0
2621,1,0
2622,1,0
2623,1,0
2624,1,0
2625,1,0
2626,1,0
2627,1,0
2628,1,0
2629,1,0
2630,1,0
2631,1,0
2632,1,0
2633,1,0
2634,1,0
2635,1,0
2636,1,0
2637,1,0
2638,1,0
2639,1,0
2640,1,0
2641,1,0
2642,1,0
2643,1,0
2644,1,0
2645,1,0
2646,1,0
2647,1,0
2648,1,0
2649,1,0
2650,1,0
2651,1,0
2652,1,0
2653,1,0
2654,1,0
2655,1,0
2656,1,0
2657,1,0
2658,1,0
2659,1,0
2660,1,0
2661,1,0
2662,1,0
2663,1,0
2664,1,0
2665,1,0
2666,1,0
2667,1,0
2668,1,0
2669,1,0
2670,1,0
2671,1,0
2672,1,0
2673,1,0
2674,1,0
2675,1,0
2676,1,0
2677,1,0
2678,1,0
2679,1,0
2680,1,0
2681,1,0
2682,1,0
2683,1,0
2684,1,0
2685,1,0
2686,1,0
2687,1,0
2688,1,0
2689,1,0
2690,1,0
2691,1,0
2692,1,0
2693,1,0
2694,1,0
2695,1,0
2696,1,0
2697,1,0
2698,1,0
2699,1,0
2700,1,0
2701,1,0
2702,1,0
2703,1,0
2704,1,0
2705,1,0
2706,1,0
2707,1,0
2708,1,0
2709,1,0
2710,1,0
2711,1,0
2712,1,0
2713,1,0
2714,1,0
2715,1,0
2716,1,0
2717,1,0
2718,1,0
2719,1,0
2720,1,0
2721,1,0
2722,1,0
2723,1,0
2724,1,0
2725,1,0
2726,1,0
2727,1,0
2728,1,0
2729,1,0
2730,1,0
2731,1,0
2732,1,0
2733,1,0
2734,1,0
2735,1,0
2736,1,0
2737,1,0
2738,1,0
2739,1,0
2740,1,0
2741,1,0
2742,1,0
2743,1,0
2744,1,0
2745,1,0
2746,1,0
2747,1,0
2748,1,0
2749,1,0
2750,1,0
2751,1,0
2752,1,0
2753,1,0
2754,1,0
2755,1,0
2756,1,0
2757,1,0
2758,1,0
2759,1,0
2760,1,0
2761,1,0
2762,1,0
2763,1,0
2764,1,0
2765,1,0
2766,1,0
2767,1,0
2768,1,0
2769,1,0
2770,1,0
2771,1,0
2772,1,0
2773,1,0
2774,1,0
2775,1,0
2776,1,0
2777,1,0
2778,1,0
2779,1,0
2780,1,0
2781,1,0
2782,1,0
2783,1,0
2784,1,0
2785,1,0
2786,1,0
2787,1,0
2788,1,0
2789,1,0
2790,1,0
2791,1,0
2792,1,0
2793,1,0
2794,1,0
2795,1,0
2796,1,0
2797,1,0
2798,1,0
2799,1,0
2800,1,0
2801,1,0
2802,1,0
2803,1,0
2804,1,0
2805,1,0
2806,1,0
2807,1,0
2808,1,0
2809,1,0
2810,1,0
2811,1,0
2812,1,0
2813,1,0
2814,1,0
2815,1,0
2816,1,0
2817,1,0
2818,1,0
2819,1,0
2820,1,0
2821,1,0
2822,1,0
2823,1,0
2824,1,0
2825,1,0
2826,1,0
2827,1,0
2828,1,0
2829,1,0
2830,1,0
2831,1,0
2832,1,0
2833,1,0
2834,1,0
2835,1,0
2836,1,0
2837,1,0
2838,1,0
2839,1,0
2840,1,0
2841,1,0
2842,1,0
2843,1,0
2844,1,0
2845,1,0
2846,1,0
2847,1,0
2848,1,0
2849,1,0
2850,1,0
2851,1,0
2852,1,0
2853,1,0
2854,1,0
2855,1,0
2856,1,0
2857,1,0
2858,1,0
2859,1,0
2860,1,0
2861,1,0
2862,1,0
2863,1,0
2864,1,0
2865,1,0
2866,1,0
2867,1,0
2868,1,0
2869,1,0
2870,1,0
2871,1,0
2872,1,0
2873,1,0
2874,1,0
2875,1,0
2876,1,0
2877,1,0
2878,1,0
2879,1,0
2880,1,0
2881,1,0
2882,1,0
2883,1,0
2884,1,0
2885,1,0
2886,1,0
2887,1,0
2888,1,0
2889,1,0
2890,1,0
2891,1,0
2892,1,0
2893,1,0
2894,1,0
2895,1,0
2896,1,0
2897,1,0
2898,1,0
2899,1,0
2900,1,0
2901,1,0
2902,1,0
2903,1,0
2904,1,0
2905,1,0
2906,1,0
2907,1,0
2908,1,0
2909,1,0
2910,1,0
2911,1,0
2912,1,0
2913,1,0
2914,1,0
2915,1,0
2916,1,0
2917,1,0
2918,1,0
2919,1,0
2920,1,0
2921,1,0
2922,1,0
2923,1,0
2924,1,0
2925,1,0
2926,1,0
2927,1,0
2928,1,0
2929,1,0
2930,1,0
2931,1,0
2932,1,0
2933,1,0
2934,1,0
2935,1,0
2936,1,0
2937,1,0
2938,1,0
2939,1,0
2940,1,0
2941,1,0
2942,1,0
2943,1,0
2944,1,0
2945,1,0
2946,1,0
2947,1,0
2948,1,0
2949,1,0
2950,1,0
2951,1,0
2952,1,0
2953,1,0
2954,1,0
2955,1,0
2956,1,0
2957,1,0
2958,1,0
2959,1,0
2960,1,0
2961,1,0
2962,1,0
2963,1,0
2964,1,0
2965,1,0
2966,1,0
2967,1,0
2968,1,0
2969,1,0
2970,1,0
2971,1,0
2972,1,0
2973,1,0
2974,1,0
2975,1,0
2976,1,0
2977,1,0
2978,1,0
2979,1,0
2980,1,0
2981,1,0
2982,1,0
2983,1,0
2984,1,0
2985,1,0
2986,1,0
2987,1,0
2988,1,0
2989,1,0
2990,1,0
2991,1,0
2992,1,0
2993,1,0
2994,1,0
2995,1,0
2996,1,0
2997,1,0
2998,1,0
2999,1,0
3000,1,0
3001,1,0
3002,1,0
3003,1,0
3004,1,0
3005,1,0
3006,1,0
3007,1,0
3008,1,0
3009,1,0
3010,1,0
3011,1,0
3012,1,0
3013,1,0
3014,1,0
3015,1,0
3016,1,0
3017,1,0
3018,1,0
3019,1,0
3020,1,0
3021,1,0
3022,1,0
3023,1,0
3024,1,0
3025,1,0
3026,1,0
3027,1,0
3028,1,0
3029,1,0
3030,1,0
3031,1,0
3032,1,0
3033,1,0
3034,1,0
3035,1,0
3036,1,0
3037,1,0
3038,1,0
3039,1,0
3040,1,0
3041,1,0
3042,1,0
3043,1,0
3044,1,0
3045,1,0
3046,1,0
3047,1,0
3048,1,0
3049,1,0
3050,1,0
3051,1,0
3052,1,0
3053,1,0
3054,1,0
3055,1,0
3056,1,0
3057,1,0
3058,1,0
3059,1,0
3060,1,0
3061,1,0
3062,1,0
3063,1,0
3064,1,0
3065,1,0
3066,1,0
3067,1,0
3068,1,0
3069,1,0
3070,1,0
3071,1,0
3072,1,0
3073,1,0
3074,1,0
3075,1,0
3076,1,0
3077,1,0
3078,1,0
3079,1,0
3080,1,0
3081,1,0
3082,1,0
3083,1,0
3084,1,0
3085,1,0
3086,1,0
3087,1,0
3088,1,0
3089,1,0
3090,1,0
3091,1,0
3092,1,0
3093,1,0
3094,1,0
3095,1,0
3096,1,0
3097,1,0
3098,1,0
3099,1,0
3100,1,0
3101,1,0
3102,1,0
3103,1,0
3104,1,0
3105,1,0
3106,1,0
3107,1,0
3108,1,0
3109,1,0
3110,1,0
3111,1,0
3112,1,0
3113,1,0
3114,1,0
3115,1,0
3116,1,0
3117,1,0
3118,1,0
3119,1,0
3120,1,0
3121,1,0
3122,1,0
3123,1,0
3124,1,0
3125,1,0
3126,1,0
3127,1,0
3128,1,0
3129,1,0
3130,1,0
3131,1,0
3132,1,0
3133,1,0
3134,1,0
3135,1,0
3136,1,0
3137,1,0
3138,1,0
3139,1,0
3140,1,0
3141,1,0
3142,1,0
3143,1,0
3144,1,0
3145,1,0
3146,1,0
3147,1,0
3148,1,0
3149,1,0
3150,1,0
3151,1,0
3152,1,0
3153,1,0
3154,1,0
3155,1,0
3156,1,0
3157,1,0
3158,1,0
3159,1,0
3160,1,0
3161,1,0
3162,1,0
3163,1,0
3164,1,0
3165,1,0
3166,1,0
3167,1,0
3168,1,0
3169,1,0
3170,1,0
3171,1,0
3172,1,0
3173,1,0
3174,1,0
3175,1,0
3176,1,0
3177,1,0
3178,1,0
3179,1,0
3180,1,0
3181,1,0
3182,1,0
3183,1,0
3184,1,0
3185,1,0
3186,1,0
3187,1,0
3188,1,0
3189,1,0
3190,1,0
3191,1,0
3192,1,0
3193,1,0
3194,1,0
3195,1,0
3196,1,0
3197,1,0
3198,1,0
3199,1,0
3200,1,0
3201,1,0
3202,1,0
3203,1,0
3204,1,0
3205,1,0
3206,1,0
3207,1,0
3208,1,0
3209,1,0
3210,1,0
3211,1,0
3212,1,0
3213,1,0
3214,1,0
3215,1,0
3216,1,0
3217,1,0
3218,1,0
3219,1,0
3220,1,0
3221,1,0
3222,1,0
3223,1,0
3224,1,0
3225,1,0
3226,1,0
3227,1,0
3228,1,0
3229,1,0
3230,1,0
3231,1,0
3232,1,0
3233,1,0
3234,1,0
3235,1,0
3236,1,0
3237,1,0
3238,1,0
3239,1,0
3240,1,0
3241,1,0
3242,1,0
3243,1,0
3244,1,0
3245,1,0
3246,1,0
3247,1,0
3248,1,0
3249,1,0
3250,1,0
3251,1,0
3252,1,0
3253,1,0
3254,1,0
3255,1,0
3256,1,0
3257,1,0
3258,1,0
3259,1,0
3260,1,0
3261,1,0
3262,1,0
3263,1,0
3264,1,0
3265,1,0
3266,1,0
3267,1,0
3268,1,0
3269,1,0
3270,1,0
3271,1,0
3272,1,0
3273,1,0
3274,1,0
3275,1,0
3276,1,0
3277,1,0
3278,1,0
3279,1,0
3280,1,0
3281,1,0
3282,1,0
3283,1,0
3284,1,0
3285,1,0
3286,1,0
3287,1,0
3288,1,0
3289,1,0
3290,1,0
3291,1,0
3292,1,0
3293,1,0
3294,1,0
3295,1,0
3296,1,0
3297,1,0
3298,1,0
3299,1,0
3300,1,0
3301,1,0
3302,1,0
3303,1,0
3304,1,0
3305,1,0
3306,1,0
3307,1,0
3308,1,0
3309,1,0
3310,1,0
3311,1,0
3312,1,0
3313,1,0
3314,1,0
3315,1,0
3316,1,0
3317,1,0
3318,1,0
3319,1,0
3320,1,0
3321,1,0
3322,1,0
3323,1,0
3324,1,0
3325,1,0
3326,1,0
3327,1,0
3328,1,0
3329,1,0
3330,1,0
3331,1,0
3332,1,0
3333,1,0
3334,1,0
3335,1,0
3336,1,0
3337,1,0
3338,1,0
3339,1,0
3340,1,0
3341,1,0
3342,1,0
3343,1,0
3344,1,0
3345,1,0
3346,1,0
3347,1,0
3348,1,0
3349,1,0
3350,1,0
3351,1,0
3352,1,0
3353,1,0
3354,1,0
3355,1,0
3356,1,0
3357,1,0
3358,1,0
3359,1,0
3360,1,0
3361,1,0
3362,1,0
3363,1,0
3364,1,0
3365,1,0
3366,1,0
3367,1,0
3368,1,0
3369,1,0
3370,1,0
3371,1,0
3372,1,0
3373,1,0
3374,1,0
3375,1,0
3376,1,0
3377,1,0
3378,1,0
3379,1,0
3380,1,0
3381,1,0
3382,1,0
3383,1,0
3384,1,0
3385,1,0
3386,1,0
3387,1,0
3388,1,0
3389,1,0
3390,1,0
3391,1,0
3392,1,0
3393,1,0
3394,1,0
3395,1,0
3396,1,0
3397,1,0
3398,1,0
3399,1,0
3400,1,0
3401,1,0
3402,1,0
3403,1,0
3404,1,0
3405,1,0
3406,1,0
3407,1,0
3408,1,0
3409,1,0
3410,1,0
3411,1,0
3412,1,0
3413,1,0
3414,1,0
3415,1,0
3416,1,0
3417,1,0
3418,1,0
3419,1,0
3420,1,0
3421,1,0
3422,1,0
3423,1,0
3424,1,0
3425,1,0
3426,1,0
3427,1,0
3428,1,0
3429,1,0
3430,1,0
3431,1,0
3432,1,0
3433,1,0
3434,1,0
3435,1,0
3436,1,0
3437,1,0
3438,1,0
3439,1,0
3440,1,0
3441,1,0
3442,1,0
3443,1,0
3444,1,0
3445,1,0
3446,1,0
3447,1,0
3448,1,0
3449,1,0
3450,1,0
3451,1,0
3452,1,0
3453,1,0
3454,1,0
3455,1,0
3456,1,0
3457,1,0
3458,1,0
3459,1,0
3460,1,0
3461,1,0
3462,1,0
3463,1,0
3464,1,0
3465,1,0
3466,1,0
3467,1,0
3468,1,0
3469,1,0
3470,1,0
3471,1,0
3472,1,0
3473,1,0
3474,1,0
3475,1,0
3476,1,0
3477,1,0
3478,1,0
3479,1,0
3480,1,0
3481,1,0
3482,1,0
3483,1,0
3484,1,0
3485,1,0
3486,1,0
3487,1,0
3488,1,0
3489,1,0
3490,1,0
3491,1,0
3492,1,0
3493,1,0
3494,1,0
3495,1,0
3496,1,0
3497,1,0
3498,1,0
3499,1,0
3500,1,0
3501,1,0
3502,1,0
3503,1,0
3504,1,0
3505,1,0
3506,1,0
3507,1,0
3508,1,0
3509,1,0
3510,1,0
3511,1,0
3512,1,0
3513,1,0
3514,1,0
3515,1,0
3516,1,0
3517,1,0
3518,1,0
3519,1,0
3520,1,0
3521,1,0
3522,1,0
3523,1,0
3524,1,0
3525,1,0
3526,1,0
3527,1,0
3528,1,0
3529,1,0
3530,1,0
3531,1,0
3532,1,0
3533,1,0
3534,1,0
3535,1,0
3536,1,0
3537,1,0
3538,1,0
3539,1,0
3540,1,0
3541,1,0
3542,1,0
3543,1,0
3544,1,0
3545,1,0
3546,1,0
3547,1,0
3548,1,0
3549,1,0
3550,1,0
3551,1,0
3552,1,0
3553,1,0
3554,1,0
3555,1,0
3556,1,0
3557,1,0
3558,1,0
3559,1,0
3560,1,0
3561,1,0
3562,1,0
3563,1,0
3564,1,0
3565,1,0
3566,1,0
3567,1,0
3568,1,0
3569,1,0
3570,1,0
3571,1,0
3572,1,0
3573,1,0
3574,1,0
3575,1,0
3576,1,0
3577,1,0
3578,1,0
3579,1,0
3580,1,0
3581,1,0
3582,1,0
3583,1,0
3584,1,0
3585,1,0
3586,1,0
3587,1,0
3588,1,0
3589,1,0
3590,1,0
3591,1,0
3592,1,0
3593,1,0
3594,1,0
3595,1,0
3596,1,0
3597,1,0
3598,1,0
3599,1,0
3600,1,0
3601,1,0
3602,1,0
3603,1,0
3604,1,0
3605,1,0
3606,1,0
3607,1,0
3608,1,0
3609,1,0
3610,1,0
3611,1,0
3612,1,0
3613,1,0
3614,1,0
3615,1,0
3616,1,0
3617,1,0
3618,1,0
3619,1,0
3620,1,0
3621,1,0
3622,1,0
3623,1,0
3624,1,0
3625,1,0
3626,1,0
3627,1,0
3628,1,0
3629,1,0
3630,1,0
3631,1,0
3632,1,0
3633,1,0
3634,1,0
3635,1,0
3636,1,0
3637,1,0
3638,1,0
3639,1,0
3640,1,0
3641,1,0
3642,1,0
3643,1,0
3644,1,0
3645,1,0
3646,1,0
3647,1,0
3648,1,0
3649,1,0
3650,1,0
3651,1,0
3652,1,0
3653,1,0
3654,1,0
3655,1,0
3656,1,0
3657,1,0
3658,1,0
3659,1,0
3660,1,0
3661,1,0
3662,1,0
3663,1,0
3664,1,0
3665,1,0
3666,1,0
3667,1,0
3668,1,0
3669,1,0
3670,1,0
3671,1,0
3672,1,0
3673,1,0
3674,1,0
3675,1,0
3676,1,0
3677,1,0
3678,1,0
3679,1,0
3680,1,0
3681,1,0
3682,1,0
3683,1,0
3684,1,0
3685,1,0
3686,1,0
3687,1,0
3688,1,0
3689,1,0
3690,1,0
3691,1,0
3692,1,0
3693,1,0
3694,1,0
3695,1,0
3696,1,0
3697,1,0
3698,1,0
3699,1,0
3700,1,0
3701,1,0
3702,1,0
3703,1,0
3704,1,0
3705,1,0
3706,1,0
3707,1,0
3708,1,0
3709,1,0
3710,1,0
3711,1,0
3712,1,0
3713,1,0
3714,1,0
3715,1,0
3716,1,0
3717,1,0
3718,1,0
3719,1,0
3720,1,0
3721,1,0
3722,1,0
3723,1,0
3724,1,0
3725,1,0
3726,1,0
3727,1,0
3728,1,0
3729,1,0
3730,1,0
3731,1,0
3732,1,0
3733,1,0
3734,1,0
3735,1,0
3736,1,0
3737,1,0
3738,1,0
3739,1,0
3740,1,0
3741,1,0
3742,1,0
3743,1,0
3744,1,0
3745,1,0
3746,1,0
3747,1,0
3748,1,0
3749,1,0
3750,1,0
3751,1,0
3752,1,0
3753,1,0
3754,1,0
3755,1,0
3756,1,0
3757,1,0
3758,1,0
3759,1,0
3760,1,0
3761,1,0
3762,1,0
3763,1,0
3764,1,0
3765,1,0
3766,1,0
3767,1,0
3768,1,0
3769,1,0
3770,1,0
3771,1,0
3772,1,0
3773,1,0
3774,1,0
3775,1,0
3776,1,0
3777,1,0
3778,1,0
3779,1,0
3780,1,0
3781,1,0
3782,1,0
3783,1,0
3784,1,0
3785,1,0
3786,1,0
3787,1,0
3788,1,0
3789,1,0
3790,1,0
3791,1,0
3792,1,0
3793,1,0
3794,1,0
3795,1,0
3796,1,0
3797,1,0
3798,1,0
3799,1,0
3800,1,0
3801,1,0
3802,1,0
3803,1,0
3804,1,0
3805,1,0
3806,1,0
3807,1,0
3808,1,0
3809,1,0
3810,1,0
3811,1,0
3812,1,0
3813,1,0
3814,1,0
3815,1,0
3816,1,0
3817,1,0
3818,1,0
3819,1,0
3820,1,0
3821,1,0
3822,1,0
3823,1,0
3824,1,0
3825,1,0
3826,1,0
3827,5,2
3828,5,2
3829,5,2
3830,5,2
3831,5,2
3832,5,2
3833,5,2
3834,5,2
3835,5,2
3836,5,2
3837,5,2
3838,5,2
3839,5,2
3840,5,2
3841,5,2
3842,5,2
3843,5,2
3844,5,2
3845,5,2
3846,5,2
3847,5,2
3848,5,2
3849,5,2
3850,5,2
3851,5,2
3852,5,2
3853,5,2
3854,5,2
3855,5,2
3856,5,2
3857,5,2
3858,5,2
3859,5,2
3860,5,2
3861,5,2
3862,5,2
3863,5,2
3864,5,2
3865,5,2
3866,5,2
3867,5,2
3868,5,2
3869,5,2
3870,5,2
3871,5,2
3872,5,2
3873,5,2
3874,5,2
3875,5,2
3876,5,2
3877,2,1
3878,2,1
3879,2,1
3880,2,1
3881,2,1
3882,2,1
3883,2,1
3884,2,1
3885,2,1
3886,2,1
3887,2,1
3888,2,1
3889,2,1
3890,2,1
3891,2,1
3892,2,1
3893,2,1
3894,2,1
3895,2,1
3896,2,1
3897,2,1
3898,2,1
3899,3,0
3900,3,0
3901,3,0
3902,3,0
3903,3,0
3904,3,0
3905,3,0
3906,3,0
3907,3,0
3908,3,0
3909,3,0
3910,3,0
3911,3,0
3912,3,0
3913,3,0
3914,3,0
3915,3,0
3916,3,0
3917,3,0
3918,3,0
3919,3,0
3920,3,0
3921,3,0
3922,3,0
3923,3,0
3924,3,0
3925,3,0
3926,3,0
3927,3,0
3928,2,2
3929,2,2
3930,2,2
3931,2,2
3932,2,2
3933,2,2
3934,2,2
3935,2,2
3936,2,2
3937,2,2
3938,2,2
3939,2,2
3940,2,2
3941,2,1
3942,2,1
3943,2,1
3944,2,1
3945,2,1
3946,2,1
3947,2,1
3948,2,1
3949,2,1
3950,2,1
3951,2,1
3952,2,1
3953,5,2
3954,5,2
3955,5,2
3956,5,2
3957,5,2
3958,5,2
3959,5,2
3960,5,2
3961,5,2
3962,5,2
3963,5,2
3964,2,1
3965,2,1
3966,2,1
3967,2,1
3968,2,1
3969,2,1
3970,2,1
3971,2,1
3972,2,1
3973,2,1
3974,2,1
3975,2,1
3976,2,1
3977,2,1
3978,2,4
3979,2,4
3980,2,4
3981,2,4
3982,2,4
3983,2,4
3984,2,4
3985,2,4
3986,2,4
3987,2,4
3988,2,4
3989,2,4
3990,2,4
3991,2,1
3992,2,1
3993,2,1
3994,2,1
3995,2,1
3996,2,1
3997,2,1
3998,2,1
3999,2,1
4000,2,1
4001,2,1
4002,2,1
4003,2,1
4004,2,1
4005,2,1
4006,2,1
4007,2,1
4008,2,1
4009,2,1
4010,2,1
4011,2,1
4012,2,1
4013,2,1
4014,2,1
4015,2,1
4016,2,1
4017,2,1
4018,2,1
4019,2,1
4020,2,1
4021,2,1
4022,2,1
4023,2,1
4024,2,1
4025,2,1
4026,2,1
4027,2,1
4028,2,1
4029,2,1
4030,2,1
4031,2,1
4032,2,1
4033,2,1
4034,2,1
4035,2,1
4036,2,1
4037,2,1
4038,2,1
4039,2,1
4040,2,1
4041,2,1
4042,2,1
4043,2,1
4044,2,1
4045,2,1
4046,2,1
4047,2,1
4048,2,1
4049,2,1
4050,2,1
4051,2,1
4052,2,1
4053,2,1
4054,2,1
4055,2,1
4056,2,4
4057,2,4
4058,2,4
4059,2,4
4060,2,4
4061,2,4
4062,2,4
4063,2,4
4064,2,4
4065,2,4
4066,2,4
4067,2,4
4068,2,4
4069,2,4
4070,2,1
4071,2,1
4072,2,1
4073,2,1
4074,2,1
4075,2,1
4076,2,1
4077,2,1
4078,2,1
4079,2,1
4080,2,1
4081,2,1
4082,2,1
4083,2,1
4084,2,1
4085,2,1
4086,2,1
4087,2,1
4088,2,1
4089,2,1
4090,2,1
4091,2,1
4092,2,1
4093,2,1
4094,2,1
4095,2,1
4096,2,1
4097,2,1
4098,2,1
4099,2,4
4100,2,4
4101,2,4
4102,2,4
4103,2,4
4104,2,4
4105,2,4
4106,2,4
4107,2,4
4108,2,4
4109,2,4
4110,2,4
4111,2,4
4112,2,4
4113,2,4
4114,2,4
4115,2,1
4116,2,1
4117,2,1
4118,2,1
4119,2,1
4120,2,1
4121,2,1
4122,2,1
4123,2,1
4124,2,1
4125,2,1
4126,2,1
4127,2,1
4128,2,1
4129,2,1
4130,2,1
4131,2,1
4132,1,0
4133,1,0
4134,1,0
4135,1,0
4136,1,0
4137,1,0
4138,1,0
4139,1,0
4140,1,0
4141,1,0
4142,1,0
4143,1,0
4144,1,0
4145,1,0
4146,1,0
4147,1,0
4148,1,0
4149,1,0
4150,1,0
4151,1,0
4152,1,0
4153,1,0
4154,1,0
4155,1,0
4156,1,0
4157,1,0
4158,1,0
4159,1,0
4160,1,0
4161,1,0
4162,1,0
4163,1,0
4164,1,0
4165,1,0
4166,1,0
4167,1,0
4168,1,0
4169,1,0
4170,1,0
4171,1,0
4172,1,0
4173,1,0
4174,1,0
4175,1,0
4176,1,0
4177,1,0
4178,1,0
4179,1,0
4180,1,0
4181,1,0
4182,1,0
4183,1,0
4184,1,0
4185,1,0
4186,1,0
4187,1,0
4188,1,0
4189,1,0
4190,1,0
4191,1,0
4192,1,0
4193,1,0
4194,1,0
4195,1,0
4196,1,0
4197,1,0
4198,1,0
4199,1,0
4200,1,0
4201,1,0
4202,1,0
4203,1,0
4204,1,0
4205,1,0
4206,1,0
4207,1,0
4208,1,0
4209,1,0
4210,1,0
4211,1,0
4212,1,0
4213,1,0
4214,1,0
4215,1,0
4216,1,0
4217,1,0
4218,1,0
4219,1,0
4220,1,0
4221,1,0
4222,1,0
4223,1,0
4224,1,0
4225,1,0
4226,1,0
4227,1,0
4228,1,0
4229,1,0
4230,1,0
4231,1,0
4232,1,0
4233,1,0
4234,1,0
4235,1,0
4236,1,0
4237,1,0
4238,1,0
4239,1,0
4240,1,0
4241,1,0
4242,1,0
4243,1,0
4244,1,0
4245,1,0
4246,1,0
4247,1,0
4248,1,0
4249,1,0
4250,1,0
4251,1,0
4252,1,0
4253,1,0
4254,1,0
4255,1,0
4256,1,0
4257,1,0
4258,1,0
4259,1,0
4260,1,0
4261,1,0
4262,1,0
4263,1,0
4264,1,0
4265,1,0
4266,1,0
4267,1,0
4268,1,0
4269,1,0
4270,1,0
4271,1,0
4272,1,0
4273,1,0
4274,1,0
4275,1,0
4276,1,0
4277,1,0
4278,1,0
4279,1,0
4280,1,0
4281,1,0
4282,1,0
4283,1,0
4284,1,0
4285,1,0
4286,1,0
4287,1,0
4288,1,0
4289,1,0
4290,1,0
4291,1,0
4292,1,0
4293,1,0
4294,1,0
4295,1,0
4296,1,0
4297,1,0
4298,1,0
4299,1,0
4300,1,0
4301,1,0
4302,1,0
4303,1,0
4304,1,0
4305,1,0
4306,1,0
4307,1,0
4308,1,0
4309,1,0
4310,1,0
4311,1,0
4312,1,0
4313,1,0
4314,1,0
4315,1,0
4316,1,0
4317,1,0
4318,1,0
4319,1,0
4320,1,0
4321,1,0
4322,1,0
4323,1,0
4324,1,0
4325,1,0
4326,1,0
4327,1,0
4328,1,0
4329,1,0
4330,1,0
4331,1,0
4332,1,0
4333,1,0
4334,1,0
4335,1,0
4336,1,0
4337,1,0
4338,1,0
4339,1,0
4340,1,0
4341,1,0
4342,1,0
4343,1,0
4344,1,0
4345,1,0
4346,1,0
4347,1,0
4348,1,0
4349,1,0
4350,1,0
4351,1,0
4352,1,0
4353,1,0
4354,1,0
4355,1,0
4356,1,0
4357,1,0
4358,1,0
4359,1,0
4360,1,0
4361,1,0
4362,1,0
4363,1,0
4364,1,0
4365,1,0
4366,1,0
4367,1,0
4368,1,0
4369,1,0
4370,1,0
4371,1,0
4372,1,0
4373,1,0
4374,1,0
4375,1,0
4376,1,0
4377,1,0
4378,1,0
4379,1,0
4380,1,0
4381,1,0
4382,1,0
4383,1,0
4384,1,0
4385,1,0
4386,1,0
4387,1,0
4388,1,0
4389,1,0
4390,1,0
4391,1,0
4392,1,0
4393,1,0
4394,1,0
4395,1,0
4396,1,0
4397,1,0
4398,1,0
4399,1,0
4400,1,0
4401,1,0
4402,1,0
4403,1,0
4404,1,0
4405,1,0
4406,1,0
4407,1,0
4408,1,0
4409,1,0
4410,1,0
4411,1,0
4412,1,0
4413,1,0
4414,1,0
4415,1,0
4416,1,0
4417,1,0
4418,1,0
4419,1,0
4420,1,0
4421,1,0
4422,1,0
4423,1,0
4424,1,0
4425,1,0
4426,1,0
4427,1,0
4428,1,0
4429,1,0
4430,1,0
4431,1,0
4432,1,0
4433,1,0
4434,1,0
4435,1,0
4436,1,0
4437,1,0
4438,1,0
4439,1,0
4440,1,0
4441,1,0
4442,1,0
4443,1,0
4444,1,0
4445,1,0
4446,1,0
4447,1,0
4448,1,0
4449,1,0
4450,1,0
4451,1,0
4452,1,0
4453,1,0
4454,1,0
4455,1,0
4456,1,0
4457,1,0
4458,1,0
4459,1,0
4460,1,0
4461,1,0
4462,1,0
4463,1,0
4464,1,0
4465,1,0
4466,1,0
4467,1,0
4468,1,0
4469,1,0
4470,1,0
4471,1,0
4472,1,0
4473,1,0
4474,1,0
4475,1,0
4476,1,0
4477,1,0
4478,1,0
4479,1,0
4480,1,0
4481,1,0
4482,1,0
4483,1,0
4484,1,0
4485,1,0
4486,1,0
4487,1,0
4488,1,0
4489,1,0
4490,1,0
4491,1,0
4492,1,0
4493,1,0
4494,1,0
4495,1,0
4496,1,0
4497,1,0
4498,1,0
4499,1,0
4500,1,0
4501,1,0
4502,1,0
4503,1,0
4504,1,0
4505,1,0
4506,1,0
4507,1,0
4508,1,0
4509,1,0
4510,1,0
4511,1,0
4512,1,0
4513,1,0
4514,1,0
4515,1,0
4516,1,0
4517,1,0
4518,1,0
4519,1,0
4520,1,0
4521,1,0
4522,1,0
4523,1,0
4524,1,0
4525,1,0
4526,1,0
4527,1,0
4528,1,0
4529,1,0
4530,1,0
4531,1,0
4532,1,0
4533,1,0
4534,1,0
4535,1,0
4536,1,0
4537,1,0
4538,1,0
4539,1,0
4540,1,0
4541,1,0
4542,1,0
4543,1,0
4544,1,0
4545,1,0
4546,1,0
4547,1,0
4548,1,0
4549,1,0
4550,1,0
4551,1,0
4552,1,0
4553,1,0
4554,1,0
4555,1,0
4556,1,0
4557,1,0
4558,1,0
4559,1,0
4560,1,0
4561,1,0
4562,1,0
4563,1,0
4564,1,0
4565,1,0
4566,1,0
4567,1,0
4568,1,0
4569,1,0
4570,1,0
4571,1,0
4572,1,0
4573,1,0
4574,1,0
4575,1,0
4576,1,0
4577,1,0
4578,1,0
4579,1,0
4580,1,0
4581,1,0
4582,1,0
4583,1,0
4584,1,0
4585,1,0
4586,1,0
4587,1,0
4588,1,0
4589,1,0
4590,1,0
4591,1,0
4592,1,0
4593,1,0
4594,1,0
4595,1,0
4596,1,0
4597,1,0
4598,1,0
4599,1,0
4600,1,0
4601,1,0
4602,1,0
4603,1,0
4604,1,0
4605,1,0
4606,1,0
4607,1,0
4608,1,0
4609,1,0
4610,1,0
4611,1,0
4612,1,0
4613,1,0
4614,1,0
4615,1,0
4616,1,0
4617,1,0
4618,1,0
4619,1,0
4620,1,0
4621,1,0
4622,1,0
4623,1,0
4624,1,0
4625,1,0
4626,1,0
4627,1,0
4628,1,0
4629,1,0
4630,1,0
4631,1,0
4632,1,0
4633,1,0
4634,1,0
4635,1,0
4636,1,0
4637,1,0
4638,1,0
4639,1,0
4640,1,0
4641,1,0
4642,1,0
4643,1,0
4644,1,0
4645,1,0
4646,1,0
4647,1,0
4648,1,0
4649,1,0
4650,1,0
4651,1,0
4652,1,0
4653,1,0
4654,1,0
4655,1,0
4656,1,0
4657,1,0
4658,1,0
4659,1,0
4660,1,0
4661,1,0
4662,1,0
4663,1,0
4664,1,0
4665,1,0
4666,1,0
4667,1,0
4668,1,0
4669,1,0
4670,1,0
4671,1,0
4672,1,0
4673,1,0
4674,1,0
4675,1,0
4676,1,0
4677,1,0
4678,1,0
4679,1,0
4680,1,0
4681,1,0
4682,1,0
4683,1,0
4684,1,0
4685,1,0
4686,1,0
4687,1,0
4688,1,0
4689,1,0
4690,1,0
4691,1,0
4692,1,0
4693,1,0
4694,1,0
4695,1,0
4696,1,0
4697,1,0
4698,1,0
4699,1,0
4700,1,0
4701,1,0
4702,1,0
4703,1,0
4704,1,0
4705,1,0
4706,1,0
4707,1,0
4708,1,0
4709,1,0
4710,1,0
4711,1,0
4712,1,0
4713,1,0
4714,1,0
4715,1,0
4716,1,0
4717,1,0
4718,1,0
4719,1,0
4720,1,0
4721,1,0
4722,1,0
4723,1,0
4724,1,0
4725,1,0
4726,1,0
4727,1,0
4728,1,0
4729,1,0
4730,1,0
4731,1,0
4732,1,0
4733,1,0
4734,1,0
4735,1,0
4736,1,0
4737,1,0
4738,1,0
4739,1,0
4740,1,0
4741,1,0
4742,1,0
4743,1,0
4744,1,0
4745,1,0
4746,1,0
4747,1,0
4748,1,0
4749,1,0
4750,1,0
4751,1,0
4752,1,0
4753,1,0
4754,1,0
4755,1,0
4756,1,0
4757,1,0
4758,1,0
4759,1,0
4760,1,0
4761,1,0
4762,1,0
4763,1,0
4764,1,0
4765,1,0
4766,1,0
4767,1,0
4768,1,0
4769,1,0
4770,1,0
4771,1,0
4772,1,0
4773,1,0
4774,1,0
4775,1,0
4776,1,0
4777,1,0
4778,1,0
4779,1,0
4780,1,0
4781,1,0
4782,1,0
4783,1,0
4784,1,0
4785,1,0
4786,1,0
4787,1,0
4788,1,0
4789,1,0
4790,1,0
4791,1,0
4792,1,0
4793,1,0
4794,1,0
4795,1,0
4796,1,0
4797,1,0
4798,1,0
4799,1,0
4800,1,0
4801,1,0
4802,1,0
4803,1,0
4804,1,0
4805,1,0
4806,1,0
4807,1,0
4808,1,0
4809,1,0
4810,1,0
4811,1,0
4812,1,0
4813,1,0
4814,1,0
4815,1,0
4816,1,0
4817,1,0
4818,1,0
4819,1,0
4820,1,0
4821,1,0
4822,1,0
4823,1,0
4824,1,0
4825,1,0
4826,1,0
4827,1,0
4828,1,0
4829,1,0
4830,1,0
4831,1,0
4832,1,0
4833,1,0
4834,1,0
4835,1,0
4836,1,0
4837,1,0
4838,1,0
4839,1,0
4840,1,0
4841,1,0
4842,1,0
4843,1,0
4844,1,0
4845,1,0
4846,1,0
4847,1,0
4848,1,0
4849,1,0
4850,1,0
4851,1,0
4852,1,0
4853,1,0
4854,1,0
4855,1,0
4856,1,0
4857,1,0
4858,1,0
4859,1,0
4860,1,0
4861,1,0
4862,1,0
4863,1,0
4864,1,0
4865,1,0
4866,1,0
4867,1,0
4868,1,0
4869,1,0
4870,1,0
4871,1,0
4872,1,0
4873,1,0
4874,1,0
4875,1,0
4876,1,0
4877,1,0
4878,1,0
4879,1,0
4880,1,0
4881,1,0
4882,1,0
4883,1,0
4884,1,0
4885,1,0
4886,1,0
4887,1,0
4888,1,0
4889,1,0
4890,1,0
4891,1,0
4892,1,0
4893,1,0
4894,1,0
4895,1,0
4896,1,0
4897,1,0
4898,1,0
4899,1,0
4900,1,0
4901,1,0
4902,1,0
4903,1,0
4904,1,0
4905,1,0
4906,1,0
4907,1,0
4908,1,0
4909,1,0
4910,1,0
4911,1,0
4912,1,0
4913,1,0
4914,1,0
4915,1,0
4916,1,0
4917,1,0
4918,1,0
4919,1,0
4920,1,0
4921,1,0
4922,1,0
4923,1,0
4924,1,0
4925,1,0
4926,1,0
4927,1,0
4928,1,0
4929,1,0
4930,1,0
4931,1,0
4932,1,0
4933,1,0
4934,1,0
4935,1,0
4936,1,0
4937,1,0
4938,1,0
4939,1,0
4940,1,0
4941,1,0
4942,1,0
4943,1,0
4944,1,0
4945,1,0
4946,1,0
4947,1,0
4948,1,0
4949,1,0
4950,1,0
4951,1,0
4952,1,0
4953,1,0
4954,1,0
4955,1,0
4956,1,0
4957,1,0
4958,1,0
4959,1,0
4960,1,0
4961,1,0
4962,1,0
4963,1,0
4964,1,0
4965,1,0
4966,1,0
4967,1,0
4968,1,0
4969,1,0
4970,1,0
4971,1,0
4972,1,0
4973,1,0
4974,1,0
4975,1,0
4976,1,0
4977,1,0
4978,1,0
4979,1,0
4980,1,0
4981,1,0
4982,1,0
4983,1,0
4984,1,0
4985,1,0
4986,1,0
4987,1,0
4988,1,0
4989,1,0
4990,1,0
4991,1,0
4992,1,0
4993,1,0
4994,1,0
4995,1,0
4996,1,0
4997,1,0
4998,1,0
4999,1,0
5000,1,0
5001,1,0
5002,1,0
5003,1,0
5004,1,0
5005,1,0
5006,1,0
5007,1,0
5008,1,0
5009,1,0
5010,1,0
5011,1,0
5012,1,0
5013,1,0
5014,1,0
5015,1,0
5016,1,0
5017,1,0
5018,1,0
5019,1,0
5020,1,0
5021,1,0
5022,1,0
5023,1,0
5024,1,0
5025,1,0
5026,1,0
5027,1,0
5028,1,0
5029,1,0
5030,1,0
5031,1,0
5032,1,0
5033,1,0
5034,1,0
5035,1,0
5036,1,0
5037,1,0
5038,1,0
5039,1,0
5040,1,0
5041,1,0
5042,1,0
5043,1,0
5044,1,0
5045,1,0
5046,1,0
5047,1,0
5048,1,0
5049,1,0
5050,1,0
5051,1,0
5052,1,0
5053,1,0
5054,1,0
5055,1,0
5056,1,0
5057,1,0
5058,1,0
5059,1,0
5060,1,0
5061,1,0
5062,1,0
5063,1,0
5064,1,0
5065,1,0
5066,1,0
5067,1,0
5068,1,0
5069,1,0
5070,1,0
5071,1,0
5072,1,0
5073,1,0
5074,1,0
5075,1,0
5076,1,0
5077,1,0
5078,1,0
5079,1,0
5080,1,0
5081,1,0
5082,1,0
5083,1,0
5084,1,0
5085,1,0
5086,1,0
5087,1,0
5088,1,0
5089,1,0
5090,1,0
5091,1,0
5092,1,0
5093,1,0
5094,1,0
5095,1,0
5096,1,0
5097,1,0
5098,1,0
5099,1,0
5100,1,0
5101,1,0
5102,1,0
5103,1,0
5104,1,0
5105,1,0
5106,1,0
5107,1,0
5108,1,0
5109,1,0
5110,1,0
5111,1,0
5112,1,0
5113,1,0
5114,1,0
5115,1,0
5116,1,0
5117,1,0
5118,1,0
5119,1,0
5120,1,0
5121,1,0
5122,1,0
5123,1,0
5124,1,0
5125,1,0
5126,1,0
5127,1,0
5128,1,0
5129,1,0
5130,1,0
5131,1,0
5132,1,0
5133,1,0
5134,1,0
5135,1,0
5136,1,0
5137,1,0
5138,1,0
5139,1,0
5140,1,0
5141,1,0
5142,1,0
5143,1,0
5144,1,0
5145,1,0
5146,1,0
5147,1,0
5148,1,0
5149,1,0
5150,1,0
5151,1,0
5152,1,0
5153,1,0
5154,1,0
5155,1,0
5156,1,0
5157,1,0
5158,1,0
5159,1,0
5160,1,0
5161,1,0
5162,1,0
5163,1,0
5164,1,0
5165,1,0
5166,1,0
5167,1,0
5168,1,0
5169,1,0
5170,1,0
5171,1,0
5172,1,0
5173,1,0
5174,1,0
5175,1,0
5176,1,0
5177,1,0
5178,1,0
5179,1,0
5180,1,0
5181,1,0
5182,1,0
5183,1,0
5184,1,0
5185,1,0
5186,1,0
5187,1,0
5188,1,0
5189,1,0
5190,1,0
5191,1,0
5192,1,0
5193,1,0
5194,1,0
5195,1,0
5196,1,0
5197,1,0
5198,1,0
5199,1,0
5200,1,0
5201,1,0
5202,1,0
5203,1,0
5204,1,0
5205,1,0
5206,1,0
5207,2,0
5208,2,0
5209,2,0
5210,2,0
5211,2,0
5212,2,0
5213,2,0
5214,2,0
5215,2,0
5216,2,0
5217,2,0
5218,2,0
5219,2,0
5220,2,0
5221,2,0
5222,2,0
5223,2,0
5224,2,0
5225,2,0
5226,5,2
5227,5,2
5228,5,2
5229,5,2
5230,5,2
5231,5,2
5232,5,2
5233,5,2
5234,5,2
5235,5,2
5236,5,2
5237,5,2
5238,5,2
5239,5,2
5240,2,3
5241,2,3
5242,2,3
5243,2,3
5244,2,3
5245,2,3
5246,2,3
5247,2,3
5248,2,3
5249,2,3
5250,2,3
5251,2,3
5252,2,3
5253,2,3
5254,2,3
5255,2,3
5256,2,3
5257,2,3
5258,2,3
5259,2,3
5260,2,3
5261,2,3
5262,2,3
5263,2,3
5264,2,3
5265,2,3
5266,1,0
5267,1,0
5268,1,0
5269,1,0
5270,1,0
5271,1,0
5272,1,0
5273,1,0
5274,1,0
5275,1,0
5276,1,0
5277,1,0
5278,1,0
5279,1,0
5280,1,0
5281,1,0
5282,1,0
5283,1,0
5284,1,0
5285,1,0
5286,1,0
5287,1,0
5288,1,0
5289,1,0
5290,1,0
5291,1,0
5292,1,0
5293,1,0
5294,1,0
5295,1,0
5296,1,0
5297,1,0
5298,1,0
5299,1,0
5300,1,0
5301,1,0
5302,1,0
5303,1,0
5304,1,0
5305,1,0
5306,1,0
5307,1,0
5308,1,0
5309,1,0
5310,1,0
5311,1,0
5312,1,0
5313,1,0
5314,1,0
5315,1,0
5316,1,0
5317,1,0
5318,1,0
5319,1,0
5320,1,0
5321,1,0
5322,1,0
5323,1,0
5324,1,0
5325,1,0
5326,1,0
5327,1,0
5328,1,0
5329,1,0
5330,1,0
5331,1,0
5332,1,0
5333,1,0
5334,1,0
5335,1,0
5336,1,0
5337,1,0
5338,1,0
5339,1,0
5340,1,0
5341,1,0
5342,1,0
5343,1,0
5344,1,0
5345,1,0
5346,1,0
5347,1,0
5348,1,0
5349,1,0
5350,1,0
5351,1,0
5352,1,0
5353,1,0
5354,1,0
5355,1,0
5356,1,0
5357,1,0
5358,1,0
5359,1,0
5360,1,0
5361,1,0
5362,1,0
5363,1,0
5364,1,0
5365,1,0
5366,1,0
5367,1,0
5368,1,0
5369,1,0
5370,1,0
5371,1,0
5372,1,0
5373,1,0
5374,1,0
5375,1,0
5376,1,0
5377,1,0
5378,1,0
5379,1,0
5380,1,0
5381,1,0
5382,1,0
5383,1,0
5384,1,0
5385,1,0
5386,1,0
5387,1,0
5388,1,0
5389,1,0
5390,1,0
5391,1,0
5392,1,0
5393,1,0
5394,1,0
5395,1,0
5396,1,0
5397,1,0
5398,1,0
5399,1,0
5400,1,0
5401,1,0
5402,1,0
5403,1,0
5404,1,0
5405,1,0
5406,1,0
5407,1,0
5408,1,0
5409,1,0
5410,1,0
5411,1,0
5412,1,0
5413,1,0
5414,1,0
5415,1,0
5416,1,0
5417,1,0
5418,1,0
5419,1,0
5420,1,0
5421,1,0
5422,1,0
5423,1,0
5424,1,0
5425,1,0
5426,1,0
5427,1,0
5428,1,0
5429,1,0
5430,1,0
5431,1,0
5432,1,0
5433,1,0
5434,1,0
5435,1,0
5436,1,0
5437,1,0
5438,1,0
5439,1,0
5440,1,0
5441,1,0
5442,1,0
5443,1,0
5444,1,0
5445,1,0
5446,1,0
5447,1,0
5448,1,0
5449,1,0
5450,1,0
5451,1,0
5452,1,0
5453,1,0
5454,1,0
5455,1,0
5456,1,0
5457,1,0
5458,1,0
5459,1,0
5460,1,0
5461,1,0
5462,1,0
5463,1,0
5464,1,0
5465,1,0
5466,1,0
5467,1,0
5468,1,0
5469,1,0
5470,1,0
5471,1,0
5472,1,0
5473,1,0
5474,1,0
5475,1,0
5476,1,0
5477,1,0
5478,1,0
5479,1,0
5480,1,0
5481,1,0
5482,1,0
5483,1,0
5484,1,0
5485,1,0
5486,1,0
5487,1,0
5488,1,0
5489,1,0
5490,1,0
5491,1,0
5492,1,0
5493,1,0
5494,1,0
5495,1,0
5496,1,0
5497,1,0
5498,1,0
5499,1,0
5500,1,0
5501,1,0
5502,1,0
5503,1,0
5504,1,0
5505,1,0
5506,1,0
5507,1,0
5508,1,0
5509,1,0
5510,1,0
5511,1,0
5512,1,0
5513,1,0
5514,1,0
5515,1,0
5516,1,0
5517,1,0
5518,1,0
5519,1,0
5520,1,0
5521,1,0
5522,1,0
5523,1,0
5524,1,0
5525,1,0
5526,1,0
5527,1,0
5528,1,0
5529,1,0
5530,1,0
5531,1,0
5532,1,0
5533,1,0
5534,1,0
5535,1,0
5536,1,0
5537,1,0
5538,1,0
5539,1,0
5540,1,0
5541,1,0
5542,1,0
5543,1,0
5544,1,0
5545,1,0
5546,1,0
5547,1,0
5548,1,0
5549,1,0
5550,1,0
5551,1,0
5552,1,0
5553,1,0
5554,1,0
5555,1,0
5556,1,0
5557,1,0
5558,1,0
5559,1,0
5560,1,0
5561,1,0
5562,1,0
5563,1,0
5564,1,0
5565,1,0
5566,1,0
5567,1,0
5568,1,0
5569,1,0
5570,1,0
5571,1,0
5572,1,0
5573,1,0
5574,1,0
5575,1,0
5576,1,0
5577,1,0
5578,1,0
5579,1,0
5580,1,0
5581,1,0
5582,1,0
5583,1,0
5584,1,0
5585,1,0
5586,1,0
5587,1,0
5588,1,0
5589,1,0
5590,1,0
5591,1,0
5592,1,0
5593,1,0
5594,1,0
5595,1,0
5596,1,0
5597,1,0
5598,1,0
5599,1,0
5600,1,0
5601,1,0
5602,1,0
5603,1,0
5604,1,0
5605,1,0
5606,1,0
5607,1,0
5608,1,0
5609,1,0
5610,1,0
5611,1,0
5612,1,0
5613,1,0
5614,1,0
5615,1,0
5616,1,0
5617,1,0
5618,1,0
5619,1,0
5620,1,0
5621,1,0
5622,1,0
5623,1,0
5624,1,0
5625,1,0
5626,1,0
5627,1,0
5628,1,0
5629,1,0
5630,1,0
5631,1,0
5632,1,0
5633,1,0
5634,1,0
5635,1,0
5636,1,0
5637,1,0
5638,1,0
5639,1,0
5640,1,0
5641,1,0
5642,1,0
5643,1,0
5644,1,0
5645,1,0
5646,1,0
5647,1,0
5648,1,0
5649,1,0
5650,1,0
5651,1,0
5652,1,0
5653,1,0
5654,1,0
5655,1,0
5656,1,0
5657,1,0
5658,1,0
5659,1,0
5660,1,0
5661,1,0
5662,1,0
5663,1,0
5664,1,0
5665,1,0
5666,1,0
5667,1,0
5668,1,0
5669,1,0
5670,1,0
5671,1,0
5672,1,0
5673,1,0
5674,1,0
5675,1,0
5676,1,0
5677,1,0
5678,1,0
5679,1,0
5680,1,0
5681,1,0
5682,1,0
5683,1,0
5684,1,0
5685,1,0
5686,1,0
5687,1,0
5688,1,0
5689,1,0
5690,1,0
5691,1,0
5692,1,0
5693,1,0
5694,1,0
5695,1,0
5696,1,0
5697,1,0
5698,1,0
5699,1,0
5700,1,0
5701,1,0
5702,1,0
5703,1,0
5704,1,0
5705,1,0
5706,1,0
5707,1,0
5708,1,0
5709,1,0
5710,1,0
5711,1,0
5712,1,0
5713,1,0
5714,1,0
5715,1,0
5716,1,0
5717,1,0
5718,1,0
5719,1,0
5720,1,0
5721,1,0
5722,1,0
5723,1,0
5724,1,0
5725,1,0
5726,1,0
5727,1,0
5728,1,0
5729,1,0
5730,1,0
5731,1,0
5732,1,0
5733,1,0
5734,1,0
5735,1,0
5736,1,0
5737,1,0
5738,1,0
5739,1,0
5740,1,0
5741,1,0
5742,1,0
5743,1,0
5744,1,0
5745,1,0
5746,1,0
5747,1,0
5748,1,0
5749,1,0
5750,1,0
5751,1,0
5752,1,0
5753,1,0
5754,1,0
5755,1,0
5756,1,0
5757,1,0
5758,1,0
5759,1,0
5760,1,0
5761,1,0
5762,1,0
5763,1,0
5764,1,0
5765,1,0
5766,1,0
5767,1,0
5768,1,0
5769,1,0
5770,1,0
5771,1,0
5772,1,0
5773,1,0
5774,1,0
5775,1,0
5776,1,0
5777,1,0
5778,1,0
5779,1,0
5780,1,0
5781,1,0
5782,1,0
5783,1,0
5784,1,0
5785,1,0
5786,1,0
5787,1,0
5788,1,0
5789,1,0
5790,1,0
5791,1,0
5792,1,0
5793,1,0
5794,1,0
5795,1,0
5796,1,0
5797,1,0
5798,1,0
5799,1,0
5800,1,0
5801,1,0
5802,1,0
5803,1,0
5804,1,0
5805,1,0
5806,1,0
5807,1,0
5808,1,0
5809,1,0
5810,1,0
5811,1,0
5812,1,0
5813,1,0
5814,1,0
5815,1,0
5816,1,0
5817,1,0
5818,1,0
5819,1,0
5820,1,0
5821,1,0
5822,1,0
5823,1,0
5824,1,0
5825,1,0
5826,1,0
5827,1,0
5828,1,0
5829,1,0
5830,1,0
5831,1,0
5832,1,0
5833,1,0
5834,1,0
5835,1,0
5836,1,0
5837,1,0
5838,1,0
5839,1,0
5840,1,0
5841,1,0
5842,1,0
5843,1,0
5844,1,0
5845,1,0
5846,1,0
5847,1,0
5848,1,0
5849,1,0
5850,1,0
5851,1,0
5852,1,0
5853,1,0
5854,1,0
5855,1,0
5856,1,0
5857,1,0
5858,1,0
5859,1,0
5860,1,0
5861,1,0
5862,1,0
5863,1,0
5864,1,0
5865,1,0
5866,1,0
5867,1,0
5868,1,0
5869,1,0
5870,1,0
5871,1,0
5872,1,0
5873,1,0
5874,1,0
5875,1,0
5876,1,0
5877,1,0
5878,1,0
5879,1,0
5880,1,0
5881,1,0
5882,1,0
5883,1,0
5884,1,0
5885,1,0
5886,1,0
5887,1,0
5888,1,0
5889,1,0
5890,1,0
5891,1,0
5892,1,0
5893,1,0
5894,1,0
5895,1,0
5896,1,0
5897,1,0
5898,1,0
5899,1,0
5900,1,0
5901,1,0
5902,1,0
5903,1,0
5904,1,0
5905,1,0
5906,1,0
5907,1,0
5908,1,0
5909,1,0
5910,1,0
5911,1,0
5912,1,0
5913,1,0
5914,1,0
5915,1,0
5916,1,0
5917,1,0
5918,1,0
5919,1,0
5920,1,0
5921,1,0
5922,1,0
5923,1,0
5924,1,0
5925,1,0
5926,1,0
5927,1,0
5928,1,0
5929,1,0
5930,1,0
5931,1,0
5932,1,0
5933,1,0
5934,1,0
5935,1,0
5936,1,0
5937,1,0
5938,1,0
5939,1,0
5940,1,0
5941,1,0
5942,1,0
5943,1,0
5944,1,0
5945,1,0
